{
  "item": "lightmanscurrency:block/display_case/create/table_cloth/base",
  "dummy": true,
  "models": [
    "lightmanscurrency:block/display_case/create/table_cloth/base"
  ],
  "input_display_offset": {
    "north": { "y":-8 },
    "west": { "y":-8 },
    "east": { "y":-8 },
    "south": { "y":-8 }
  },
  "tooltip_info": {
    "item": false,
    "jade": false,
    "selection": true,
    "tooltip": [
      {
        "translate": "lightmanscurrency.block_variant.modifier",
        "with": [{ "translate": "lightmanscurrency.block_variant.modifier.default" }]
      }
    ]
  }
}