{
  "item": "lightmanscurrency:block/display_case/create/table_cloth/glassless",
  "dummy": true,
  "models": [
    "lightmanscurrency:block/display_case/create/table_cloth/glassless"
  ],
  "input_display_offset": {
    "north": { "y":-10 },
    "west": { "y":-10 },
    "east": { "y":-10 },
    "south": { "y":-10 }
  },
  "item_position_data":"lightmanscurrency:display_case_open",
  "tooltip_info": {
    "item": true,
    "jade": false,
    "selection": true,
    "tooltip": [
      {
        "translate": "lightmanscurrency.block_variant.modifier",
        "with": [{ "translate": "lightmanscurrency.block_variant.modifier.glassless" }]
      }
    ]
  }
}