{
  "main": {
    "id": "494424c6fc8890d1",
    "type": "split",
    "children": [
      {
        "id": "9a5bae14e108defe",
        "type": "tabs",
        "children": [
          {
            "id": "990ad52f8990d35a",
            "type": "leaf",
            "state": {
              "type": "markdown",
              "state": {
                "file": "ae2/ae2guide/example-setups/recursive-crafting-setup.md",
                "mode": "source",
                "source": false
              },
              "icon": "lucide-file",
              "title": "recursive-crafting-setup"
            }
          }
        ]
      }
    ],
    "direction": "vertical"
  },
  "left": {
    "id": "fe0070fc333e9c43",
    "type": "split",
    "children": [
      {
        "id": "d2b7ac704a06eb8e",
        "type": "tabs",
        "children": [
          {
            "id": "17765fa268ff065a",
            "type": "leaf",
            "state": {
              "type": "file-explorer",
              "state": {
                "sortOrder": "alphabetical",
                "autoReveal": false
              },
              "icon": "lucide-folder-closed",
              "title": "文件列表"
            }
          },
          {
            "id": "e24137610625f207",
            "type": "leaf",
            "state": {
              "type": "search",
              "state": {
                "query": "",
                "matchingCase": false,
                "explainSearch": false,
                "collapseAll": false,
                "extraContext": false,
                "sortOrder": "alphabetical"
              },
              "icon": "lucide-search",
              "title": "搜索"
            }
          },
          {
            "id": "f236ac460fd4bbd8",
            "type": "leaf",
            "state": {
              "type": "bookmarks",
              "state": {},
              "icon": "lucide-bookmark",
              "title": "书签"
            }
          }
        ]
      }
    ],
    "direction": "horizontal",
    "width": 300
  },
  "right": {
    "id": "d66e0da049d96713",
    "type": "split",
    "children": [
      {
        "id": "61f59105c7660d01",
        "type": "tabs",
        "children": [
          {
            "id": "f71e33e9ead7c60a",
            "type": "leaf",
            "state": {
              "type": "backlink",
              "state": {
                "file": "ae2/ae2guide/example-setups/semiauto-certus-farm.md",
                "collapseAll": false,
                "extraContext": false,
                "sortOrder": "alphabetical",
                "showSearch": false,
                "searchQuery": "",
                "backlinkCollapsed": false,
                "unlinkedCollapsed": true
              },
              "icon": "links-coming-in",
              "title": "semiauto-certus-farm 的反向链接列表"
            }
          },
          {
            "id": "58b88d4cede9b0ef",
            "type": "leaf",
            "state": {
              "type": "outgoing-link",
              "state": {
                "file": "ae2/ae2guide/example-setups/semiauto-certus-farm.md",
                "linksCollapsed": false,
                "unlinkedCollapsed": true
              },
              "icon": "links-going-out",
              "title": "semiauto-certus-farm 的出链列表"
            }
          },
          {
            "id": "6ab3737cef48e59a",
            "type": "leaf",
            "state": {
              "type": "tag",
              "state": {
                "sortOrder": "frequency",
                "useHierarchy": true,
                "showSearch": false,
                "searchQuery": ""
              },
              "icon": "lucide-tags",
              "title": "标签"
            }
          },
          {
            "id": "6c644cc1ea485eec",
            "type": "leaf",
            "state": {
              "type": "outline",
              "state": {
                "file": "ae2/ae2guide/example-setups/semiauto-certus-farm.md",
                "followCursor": false,
                "showSearch": false,
                "searchQuery": ""
              },
              "icon": "lucide-list",
              "title": "semiauto-certus-farm 的大纲"
            }
          }
        ]
      }
    ],
    "direction": "horizontal",
    "width": 300,
    "collapsed": true
  },
  "left-ribbon": {
    "hiddenItems": {
      "switcher:打开快速切换": false,
      "graph:查看关系图谱": false,
      "canvas:新建白板": false,
      "daily-notes:打开/创建今天的日记": false,
      "templates:插入模板": false,
      "command-palette:打开命令面板": false
    }
  },
  "active": "990ad52f8990d35a",
  "lastOpenFiles": [
    "ae2/ae2guide/example-setups/storage-types.md",
    "ae2/ae2guide/example-setups/recursive-crafting-setup.md",
    "ae2/ae2guide/example-setups/semiauto-certus-farm.md",
    "ae2/ae2guide/example-setups/simple-certus-farm.md",
    "ae2/ae2guide/example-setups/specialized-local-storage.md",
    "ae2/ae2guide/example-setups/pipe-subnet.md",
    "ae2/ae2guide/example-setups/example-setups-index.md",
    "ae2/ae2guide/example-setups/furnace-automation.md",
    "ae2/ae2guide/example-setups/interface-autostocking.md",
    "ae2/ae2guide/example-setups/level-emitter-autostocking.md",
    "ae2/ae2guide/example-setups/main-network.md",
    "ae2/ae2guide/example-setups/ore-fortuner.md",
    "ae2/ae2guide/example-setups/processor-automation.md",
    "ae2/ae2guide/example-setups/regulated-cobble-gen.md",
    "ae2/ae2guide/example-setups/throw-in-water-automation.md",
    "ae2/ae2guide/example-setups/advanced-certus-farm.md",
    "ae2/ae2guide/example-setups/amethyst-farm.md",
    "ae2/ae2guide/example-setups/bucket-emptier.md",
    "ae2/ae2guide/example-setups/bucket-filler.md",
    "ae2/ae2guide/example-setups/cell-dumper-filler.md",
    "ae2/ae2guide/example-setups/charger-automation.md",
    "ae2/ae2guide/ae2-mechanics/ae2-mechanics-index.md",
    "ae2/ae2guide/ae2-mechanics/cable-subparts.md",
    "ae2/ae2guide/ae2-mechanics/channels.md",
    "ae2/ae2guide/ae2-mechanics/devices.md",
    "ae2/ae2guide/ae2-mechanics/energy.md",
    "ae2/ae2guide/assets/diagrams/furnace_pattern.png",
    "ae2/ae2guide/assets/diagrams/flawed_budding_pattern_small.png",
    "ae2/ae2guide/assets/diagrams/charger_pattern_small.png",
    "ae2/ae2guide/assets/diagrams/63_type_cell.png",
    "ae2/ae2guide/assets/assemblies/p2p_portal.png",
    "ae2/ae2guide/assets/assemblies/meteorite-crater.png",
    "ae2/ae2guide/gui/recipe_arrow_filled_light.png",
    "ae2/ae2guide/gui/large_slot_light.png",
    "ae2/ae2guide/gui/entropy_cool.png",
    "expatternprovider/ae2guide/pic/assembler_matrix.png",
    "ae2/ae2guide/assets/assemblies/small_base_network.snbt",
    "ae2/ae2guide/assets/assemblies/recursive_recipe_setup.snbt",
    "ae2/ae2guide/assets/assemblies/p2p_channels_network_connection.snbt",
    "ae2/ae2guide/assets/assemblies/network_storage_types.snbt",
    "ae2/ae2guide/assets/assemblies/bucket_filler.snbt",
    "ae2/ae2guide/assets/assemblies/bucket_emptier.snbt"
  ]
}