{
  "$schema": "schema.json",
  "includes": ["common/common.json", "common/player_inventory.json"],
  "background": {
    "texture": "guis/ex_interface.png",
    "srcRect": [0, 0, 176, 251]
  },
  "slots": {
    "EX_1": {
      "left": 8,
      "top": 53,
      "grid": "HORIZONTAL"
    },
    "EX_2": {
      "left": 8,
      "top": 71,
      "grid": "HORIZONTAL"
    },
    "EX_3": {
      "left": 8,
      "top": 113,
      "grid": "HORIZONTAL"
    },
    "EX_4": {
      "left": 8,
      "top": 131,
      "grid": "HORIZONTAL"
    },
    "EX_5": {
      "left": 8,
      "top": 53,
      "grid": "HORIZONTAL"
    },
    "EX_6": {
      "left": 8,
      "top": 71,
      "grid": "HORIZONTAL"
    },
    "EX_7": {
      "left": 8,
      "top": 113,
      "grid": "HORIZONTAL"
    },
    "EX_8": {
      "left": 8,
      "top": 131,
      "grid": "HORIZONTAL"
    }
  },
  "text": {
    "dialog_title": {
      "text": {
        "translate": "gui.expatternprovider.ex_emc_interface"
      },
      "position": {
        "left": 8,
        "top": 6
      }
    }
  },
  "widgets": {
    "amtButton1": {
      "left": 8,
      "top": 35,
      "width": 16,
      "height": 16
    },
    "amtButton2": {
      "left": 26,
      "top": 35,
      "width": 16,
      "height": 16
    },
    "amtButton3": {
      "left": 44,
      "top": 35,
      "width": 16,
      "height": 16
    },
    "amtButton4": {
      "left": 62,
      "top": 35,
      "width": 16,
      "height": 16
    },
    "amtButton5": {
      "left": 80,
      "top": 35,
      "width": 16,
      "height": 16
    },
    "amtButton6": {
      "left": 98,
      "top": 35,
      "width": 16,
      "height": 16
    },
    "amtButton7": {
      "left": 116,
      "top": 35,
      "width": 16,
      "height": 16
    },
    "amtButton8": {
      "left": 134,
      "top": 35,
      "width": 16,
      "height": 16
    },
    "amtButton9": {
      "left": 152,
      "top": 35,
      "width": 16,
      "height": 16
    },
    "amtButton10": {
      "left": 8,
      "top": 95,
      "width": 16,
      "height": 16
    },
    "amtButton11": {
      "left": 26,
      "top": 95,
      "width": 16,
      "height": 16
    },
    "amtButton12": {
      "left": 44,
      "top": 95,
      "width": 16,
      "height": 16
    },
    "amtButton13": {
      "left": 62,
      "top": 95,
      "width": 16,
      "height": 16
    },
    "amtButton14": {
      "left": 80,
      "top": 95,
      "width": 16,
      "height": 16
    },
    "amtButton15": {
      "left": 98,
      "top": 95,
      "width": 16,
      "height": 16
    },
    "amtButton16": {
      "left": 116,
      "top": 95,
      "width": 16,
      "height": 16
    },
    "amtButton17": {
      "left": 134,
      "top": 95,
      "width": 16,
      "height": 16
    },
    "amtButton18": {
      "left": 152,
      "top": 95,
      "width": 16,
      "height": 16
    },
    "amtButton19": {
      "left": 8,
      "top": 35,
      "width": 16,
      "height": 16
    },
    "amtButton20": {
      "left": 26,
      "top": 35,
      "width": 16,
      "height": 16
    },
    "amtButton21": {
      "left": 44,
      "top": 35,
      "width": 16,
      "height": 16
    },
    "amtButton22": {
      "left": 62,
      "top": 35,
      "width": 16,
      "height": 16
    },
    "amtButton23": {
      "left": 80,
      "top": 35,
      "width": 16,
      "height": 16
    },
    "amtButton24": {
      "left": 98,
      "top": 35,
      "width": 16,
      "height": 16
    },
    "amtButton25": {
      "left": 116,
      "top": 35,
      "width": 16,
      "height": 16
    },
    "amtButton26": {
      "left": 134,
      "top": 35,
      "width": 16,
      "height": 16
    },
    "amtButton27": {
      "left": 152,
      "top": 35,
      "width": 16,
      "height": 16
    },
    "amtButton28": {
      "left": 8,
      "top": 95,
      "width": 16,
      "height": 16
    },
    "amtButton29": {
      "left": 26,
      "top": 95,
      "width": 16,
      "height": 16
    },
    "amtButton30": {
      "left": 44,
      "top": 95,
      "width": 16,
      "height": 16
    },
    "amtButton31": {
      "left": 62,
      "top": 95,
      "width": 16,
      "height": 16
    },
    "amtButton32": {
      "left": 80,
      "top": 95,
      "width": 16,
      "height": 16
    },
    "amtButton33": {
      "left": 98,
      "top": 95,
      "width": 16,
      "height": 16
    },
    "amtButton34": {
      "left": 116,
      "top": 95,
      "width": 16,
      "height": 16
    },
    "amtButton35": {
      "left": 134,
      "top": 95,
      "width": 16,
      "height": 16
    },
    "amtButton36": {
      "left": 152,
      "top": 95,
      "width": 16,
      "height": 16
    }
  }
}