{"credit":"Made with Blockbench","gui_light":"front","textures":{"1":"tfc:item/metal/shield/copper_back","2":"tfc:item/metal/shield/copper"},"elements":[{"from":[7,10,8],"to":[8,11,13],"faces":{"east":{"uv":[6,1,11,2],"texture":"#1"},"south":{"uv":[14,7,15,8],"texture":"#1"},"west":{"uv":[6,14,11,15],"texture":"#1"},"up":{"uv":[14,5,15,10],"texture":"#1"},"down":{"uv":[14,6,15,11],"texture":"#1"}}},{"from":[7,6,12],"to":[8,10,13],"faces":{"north":{"uv":[1,7,2,11],"texture":"#1"},"east":{"uv":[7,1,11,2],"rotation":90,"texture":"#1"},"south":{"uv":[14,7,15,11],"texture":"#1"},"west":{"uv":[7,14,11,15],"rotation":90,"texture":"#1"}}},{"from":[7,5,8],"to":[8,6,13],"faces":{"east":{"uv":[5,1,10,2],"texture":"#1"},"south":{"uv":[8,1,9,2],"texture":"#1"},"west":{"uv":[5,1,10,2],"texture":"#1"},"up":{"uv":[14,5,15,10],"texture":"#1"},"down":{"uv":[1,6,2,11],"texture":"#1"}}},{"from":[6,5,7],"to":[9,6,8],"faces":{"east":{"uv":[3,2,4,3],"texture":"#1"},"south":{"uv":[5,14,8,15],"texture":"#1"},"west":{"uv":[14,7,15,8],"texture":"#1"},"up":{"uv":[5,1,8,2],"texture":"#1"},"down":{"uv":[5,1,8,2],"texture":"#1"}}},{"from":[6,10,7],"to":[9,11,8],"faces":{"east":{"uv":[3,2,4,3],"texture":"#1"},"south":{"uv":[6,1,9,2],"texture":"#1"},"west":{"uv":[3,2,4,3],"texture":"#1"},"up":{"uv":[8,1,11,2],"texture":"#1"},"down":{"uv":[8,14,11,15],"texture":"#1"}}},{"name":"back","from":[5,1,6],"to":[11,15,7],"faces":{"north":{"uv":[5,1,11,15],"texture":"#2"},"east":{"uv":[5,1,6,15],"texture":"#2"},"south":{"uv":[5,1,11,15],"texture":"#1"},"west":{"uv":[10,1,11,15],"texture":"#2"},"up":{"uv":[5,1,11,2],"rotation":180,"texture":"#2"},"down":{"uv":[5,14,11,15],"rotation":180,"texture":"#2"}}},{"name":"back","from":[3,2,6],"to":[5,14,7],"faces":{"north":{"uv":[11,2,13,14],"texture":"#2"},"south":{"uv":[3,2,5,14],"texture":"#1"},"west":{"uv":[12,2,13,14],"texture":"#2"},"up":{"uv":[11,2,13,3],"rotation":180,"texture":"#2"},"down":{"uv":[11,13,13,14],"rotation":180,"texture":"#2"}}},{"name":"back","from":[2,3,6],"to":[3,13,7],"faces":{"north":{"uv":[13,3,14,13],"texture":"#2"},"south":{"uv":[2,3,3,13],"texture":"#1"},"west":{"uv":[13,3,14,13],"texture":"#2"},"up":{"uv":[13,3,14,4],"texture":"#2"},"down":{"uv":[12,13,13,14],"texture":"#2"}}},{"name":"back","from":[11,2,6],"to":[13,14,7],"faces":{"north":{"uv":[3,2,5,14],"texture":"#2"},"east":{"uv":[3,2,4,14],"texture":"#2"},"south":{"uv":[11,2,13,14],"texture":"#1"},"up":{"uv":[3,2,5,3],"rotation":180,"texture":"#2"},"down":{"uv":[3,13,5,14],"rotation":180,"texture":"#2"}}},{"name":"back","from":[13,3,6],"to":[14,13,7],"faces":{"north":{"uv":[2,3,3,13],"texture":"#2"},"east":{"uv":[2,3,3,13],"texture":"#2"},"south":{"uv":[13,3,14,13],"texture":"#1"},"up":{"uv":[2,3,3,4],"texture":"#2"},"down":{"uv":[2,12,3,13],"texture":"#2"}}},{"name":"back","from":[1,5,6],"to":[2,11,7],"faces":{"north":{"uv":[14,5,15,11],"texture":"#2"},"south":{"uv":[1,5,2,11],"texture":"#1"},"west":{"uv":[14,5,15,11],"texture":"#2"},"up":{"uv":[14,5,15,6],"texture":"#2"},"down":{"uv":[14,10,15,11],"texture":"#2"}}},{"name":"back","from":[14,5,6],"to":[15,11,7],"faces":{"north":{"uv":[1,5,2,11],"texture":"#2"},"east":{"uv":[1,5,2,11],"texture":"#2"},"south":{"uv":[14,5,15,11],"texture":"#1"},"up":{"uv":[1,5,2,6],"texture":"#2"},"down":{"uv":[1,10,2,11],"texture":"#2"}}},{"name":"L1","from":[4,6,5],"to":[5,10,6],"faces":{"north":{"uv":[11,6,12,10],"texture":"#2"},"west":{"uv":[11,6,12,10],"texture":"#2"},"up":{"uv":[11,6,12,7],"texture":"#2"},"down":{"uv":[11,9,12,10],"texture":"#2"}}},{"name":"L1","from":[10,5,5],"to":[11,11,6],"faces":{"north":{"uv":[5,5,6,11],"texture":"#2"},"east":{"uv":[5,5,6,11],"texture":"#2"},"up":{"uv":[5,5,6,6],"texture":"#2"},"down":{"uv":[5,10,6,11],"texture":"#2"}}},{"name":"L1","from":[11,6,5],"to":[12,10,6],"faces":{"north":{"uv":[4,6,5,10],"texture":"#2"},"east":{"uv":[4,6,5,10],"texture":"#2"},"up":{"uv":[4,6,5,7],"texture":"#2"},"down":{"uv":[4,9,5,10],"texture":"#2"}}},{"name":"L1","from":[6,4,5],"to":[10,12,6],"faces":{"north":{"uv":[6,4,10,12],"texture":"#2"},"east":{"uv":[6,4,7,12],"texture":"#2"},"west":{"uv":[9,4,10,12],"texture":"#2"},"up":{"uv":[6,4,10,5],"texture":"#2"},"down":{"uv":[6,11,10,12],"texture":"#2"}}},{"name":"L1","from":[5,5,5],"to":[6,11,6],"faces":{"north":{"uv":[10,5,11,11],"texture":"#2"},"west":{"uv":[10,5,11,11],"texture":"#2"},"up":{"uv":[10,5,11,6],"texture":"#2"},"down":{"uv":[10,10,11,11],"texture":"#2"}}},{"name":"L2","from":[10,6,4],"to":[11,10,5],"faces":{"north":{"uv":[5,6,6,10],"texture":"#2"},"east":{"uv":[5,6,6,10],"texture":"#2"},"up":{"uv":[5,6,6,7],"texture":"#2"},"down":{"uv":[5,9,6,10],"texture":"#2"}}},{"name":"L2","from":[5,6,4],"to":[6,10,5],"faces":{"north":{"uv":[10,6,11,10],"texture":"#2"},"west":{"uv":[10,6,11,10],"texture":"#2"},"up":{"uv":[10,6,11,7],"texture":"#2"},"down":{"uv":[10,9,11,10],"texture":"#2"}}},{"name":"L2","from":[6,5,4],"to":[10,11,5],"faces":{"north":{"uv":[6,5,10,11],"texture":"#2"},"east":{"uv":[6,5,7,11],"texture":"#2"},"west":{"uv":[9,5,10,11],"texture":"#2"},"up":{"uv":[6,5,10,6],"texture":"#2"},"down":{"uv":[6,10,10,11],"texture":"#2"}}},{"from":[7,7,3],"to":[9,9,4],"faces":{"north":{"uv":[7,7,9,9],"texture":"#2"},"east":{"uv":[7,7,8,9],"texture":"#2"},"west":{"uv":[8,7,9,9],"texture":"#2"},"up":{"uv":[7,7,9,8],"texture":"#2"},"down":{"uv":[7,8,9,9],"texture":"#2"}}}],"display":{"thirdperson_righthand":{"rotation":[0,-90,0],"translation":[2.3,-2,5]},"thirdperson_lefthand":{"rotation":[0,-90,0],"translation":[2.3,-2,5]},"firstperson_righthand":{"rotation":[0,-75,15],"translation":[4,-3,0]},"firstperson_lefthand":{"rotation":[0,-75,15],"translation":[4,-3,0]},"ground":{"translation":[0,2,0],"scale":[0.5,0.5,0.5]},"gui":{"rotation":[0,180,0]},"head":{"translation":[0,0,-7.56]},"fixed":{"translation":[0,0,-0.38],"scale":[2,2,2]}},"overrides":[{"predicate":{"blocking":1},"model":"tfc:item/metal/shield/copper_blocking"}]}