{
	"credit": "Made with Blockbench",
	"textures": {
		"0": "tfc:item/metal/shield/red_steel"
	},
	"elements": [
		{
			"name": "mx8_0",
			"from": [5, -3, 6.1875],
			"to": [7, 20, 7.1875],
			"rotation": {"angle": 0, "axis": "y", "origin": [8, 7.25, 9.6875]},
			"faces": {
				"north": {"uv": [2, 0, 1.5, 5.75], "texture": "#0"},
				"east": {"uv": [1.75, 0, 2, 5.75], "texture": "#0"},
				"south": {"uv": [1.5, 6.75, 2, 12.5], "texture": "#0"},
				"west": {"uv": [1.5, 0, 1.75, 5.75], "texture": "#0"},
				"up": {"uv": [1.5, 0, 2, 0.25], "texture": "#0"},
				"down": {"uv": [1.5, 5.5, 2, 5.75], "texture": "#0"}
			}
		},
		{
			"name": "mx8_1",
			"from": [9, -3, 6.1875],
			"to": [11, 20, 7.1875],
			"rotation": {"angle": 0, "axis": "y", "origin": [8, 7.25, 9.6875]},
			"faces": {
				"north": {"uv": [3, 0, 2.5, 5.75], "texture": "#0"},
				"east": {"uv": [2.75, 0, 3, 5.75], "texture": "#0"},
				"south": {"uv": [2.5, 6.75, 3, 12.5], "texture": "#0"},
				"west": {"uv": [2.5, 0, 2.75, 5.75], "texture": "#0"},
				"up": {"uv": [2.5, 0, 3, 0.25], "texture": "#0"},
				"down": {"uv": [2.5, 5.5, 3, 5.75], "texture": "#0"}
			}
		},
		{
			"name": "mx8_2",
			"from": [2, 0, 6.1875],
			"to": [5, 19, 7.1875],
			"rotation": {"angle": 0, "axis": "y", "origin": [8, 7.25, 9.6875]},
			"faces": {
				"north": {"uv": [1.5, 0.25, 0.75, 5], "texture": "#0"},
				"east": {"uv": [1.25, 0.25, 1.5, 5], "texture": "#0"},
				"south": {"uv": [0.75, 7, 1.5, 11.75], "texture": "#0"},
				"west": {"uv": [0.75, 0.25, 1, 5], "texture": "#0"},
				"up": {"uv": [0.75, 0.25, 1.5, 0.5], "texture": "#0"},
				"down": {"uv": [0.75, 4.75, 1.5, 5], "texture": "#0"}
			}
		},
		{
			"name": "mx8_3",
			"from": [11, 0, 6.1875],
			"to": [14, 19, 7.1875],
			"rotation": {"angle": 0, "axis": "y", "origin": [8, 7.25, 9.6875]},
			"faces": {
				"north": {"uv": [3.75, 0.25, 3, 5], "texture": "#0"},
				"east": {"uv": [3.5, 0.25, 3.75, 5], "texture": "#0"},
				"south": {"uv": [3, 7, 3.75, 11.75], "texture": "#0"},
				"west": {"uv": [3, 0.25, 3.25, 5], "texture": "#0"},
				"up": {"uv": [3, 0.25, 3.75, 0.5], "texture": "#0"},
				"down": {"uv": [3, 4.75, 3.75, 5], "texture": "#0"}
			}
		},
		{
			"name": "mx8_4",
			"from": [3, 10, 5.6875],
			"to": [5, 14, 6.6875],
			"rotation": {"angle": 0, "axis": "y", "origin": [8, 7.25, 9.6875]},
			"faces": {
				"north": {"uv": [5.25, 0.25, 4.75, 1.25], "texture": "#0"},
				"east": {"uv": [5, 0.25, 5.25, 1.25], "texture": "#0"},
				"south": {"uv": [4.75, 0.25, 5.25, 1.25], "texture": "#0"},
				"west": {"uv": [4.75, 0.25, 5, 1.25], "texture": "#0"},
				"up": {"uv": [4.75, 0.25, 5.25, 0.5], "texture": "#0"},
				"down": {"uv": [4.75, 1, 5.25, 1.25], "texture": "#0"}
			}
		},
		{
			"name": "mx8_5",
			"from": [11, 10, 5.6875],
			"to": [13, 14, 6.6875],
			"rotation": {"angle": 0, "axis": "y", "origin": [8, 7.25, 9.6875]},
			"faces": {
				"north": {"uv": [7.25, 0.25, 6.75, 1.25], "texture": "#0"},
				"east": {"uv": [7, 0.25, 7.25, 1.25], "texture": "#0"},
				"south": {"uv": [6.75, 0.25, 7.25, 1.25], "texture": "#0"},
				"west": {"uv": [6.75, 0.25, 7, 1.25], "texture": "#0"},
				"up": {"uv": [6.75, 0.25, 7.25, 0.5], "texture": "#0"},
				"down": {"uv": [6.75, 1, 7.25, 1.25], "texture": "#0"}
			}
		},
		{
			"name": "mx8_6",
			"from": [5, 17, 5.6875],
			"to": [6, 19, 6.6875],
			"rotation": {"angle": 0, "axis": "y", "origin": [8, 7.25, 9.6875]},
			"faces": {
				"north": {"uv": [9, 0.25, 8.75, 0.75], "texture": "#0"},
				"east": {"uv": [8.75, 0.25, 9, 0.75], "texture": "#0"},
				"south": {"uv": [8.75, 0.25, 9, 0.75], "texture": "#0"},
				"west": {"uv": [8.75, 0.25, 9, 0.75], "texture": "#0"},
				"up": {"uv": [8.75, 0.25, 9, 0.5], "texture": "#0"},
				"down": {"uv": [8.75, 0.5, 9, 0.75], "texture": "#0"}
			}
		},
		{
			"name": "mx8_7",
			"from": [10, 17, 5.6875],
			"to": [11, 19, 6.6875],
			"rotation": {"angle": 0, "axis": "y", "origin": [8, 7.25, 9.6875]},
			"faces": {
				"north": {"uv": [10.25, 0.25, 10, 0.75], "texture": "#0"},
				"east": {"uv": [10, 0.25, 10.25, 0.75], "texture": "#0"},
				"south": {"uv": [10, 0.25, 10.25, 0.75], "texture": "#0"},
				"west": {"uv": [10, 0.25, 10.25, 0.75], "texture": "#0"},
				"up": {"uv": [10, 0.25, 10.25, 0.5], "texture": "#0"},
				"down": {"uv": [10, 0.5, 10.25, 0.75], "texture": "#0"}
			}
		},
		{
			"name": "mx8_8",
			"from": [1, 2, 6.1875],
			"to": [2, 18, 7.1875],
			"rotation": {"angle": 0, "axis": "y", "origin": [8, 7.25, 9.6875]},
			"faces": {
				"north": {"uv": [0.75, 0.5, 0.5, 4.5], "texture": "#0"},
				"east": {"uv": [0.5, 0.5, 0.75, 4.5], "texture": "#0"},
				"south": {"uv": [0.5, 7.25, 0.75, 11.25], "texture": "#0"},
				"west": {"uv": [0.5, 0.5, 0.75, 4.5], "texture": "#0"},
				"up": {"uv": [0.5, 0.5, 0.75, 0.75], "texture": "#0"},
				"down": {"uv": [0.5, 4.25, 0.75, 4.5], "texture": "#0"}
			}
		},
		{
			"name": "mx8_9",
			"from": [14, 2, 6.1875],
			"to": [15, 18, 7.1875],
			"rotation": {"angle": 0, "axis": "y", "origin": [8, 7.25, 9.6875]},
			"faces": {
				"north": {"uv": [4, 0.5, 3.75, 4.5], "texture": "#0"},
				"east": {"uv": [3.75, 0.5, 4, 4.5], "texture": "#0"},
				"south": {"uv": [3.75, 7.25, 4, 11.25], "texture": "#0"},
				"west": {"uv": [3.75, 0.5, 4, 4.5], "texture": "#0"},
				"up": {"uv": [3.75, 0.5, 4, 0.75], "texture": "#0"},
				"down": {"uv": [3.75, 4.25, 4, 4.5], "texture": "#0"}
			}
		},
		{
			"name": "mx8_10",
			"from": [5, 9, 5.6875],
			"to": [7, 13, 6.6875],
			"rotation": {"angle": 0, "axis": "y", "origin": [8, 7.25, 9.6875]},
			"faces": {
				"north": {"uv": [5.75, 0.5, 5.25, 1.5], "texture": "#0"},
				"east": {"uv": [5.5, 0.5, 5.75, 1.5], "texture": "#0"},
				"south": {"uv": [5.25, 0.5, 5.75, 1.5], "texture": "#0"},
				"west": {"uv": [5.25, 0.5, 5.5, 1.5], "texture": "#0"},
				"up": {"uv": [5.25, 0.5, 5.75, 0.75], "texture": "#0"},
				"down": {"uv": [5.25, 1.25, 5.75, 1.5], "texture": "#0"}
			}
		},
		{
			"name": "mx8_11",
			"from": [9, 9, 5.6875],
			"to": [11, 13, 6.6875],
			"rotation": {"angle": 0, "axis": "y", "origin": [8, 7.25, 9.6875]},
			"faces": {
				"north": {"uv": [6.75, 0.5, 6.25, 1.5], "texture": "#0"},
				"east": {"uv": [6.5, 0.5, 6.75, 1.5], "texture": "#0"},
				"south": {"uv": [6.25, 0.5, 6.75, 1.5], "texture": "#0"},
				"west": {"uv": [6.25, 0.5, 6.5, 1.5], "texture": "#0"},
				"up": {"uv": [6.25, 0.5, 6.75, 0.75], "texture": "#0"},
				"down": {"uv": [6.25, 1.25, 6.75, 1.5], "texture": "#0"}
			}
		},
		{
			"name": "mx8_12",
			"from": [2, 17, 5.6875],
			"to": [5, 18, 6.6875],
			"rotation": {"angle": 0, "axis": "y", "origin": [8, 7.25, 9.6875]},
			"faces": {
				"north": {"uv": [8.75, 0.5, 8, 0.75], "texture": "#0"},
				"east": {"uv": [8.5, 0.5, 8.75, 0.75], "texture": "#0"},
				"south": {"uv": [8, 0.5, 8.75, 0.75], "texture": "#0"},
				"west": {"uv": [8, 0.5, 8.25, 0.75], "texture": "#0"},
				"up": {"uv": [8, 0.5, 8.75, 0.75], "texture": "#0"},
				"down": {"uv": [8, 0.5, 8.75, 0.75], "texture": "#0"}
			}
		},
		{
			"name": "mx8_13",
			"from": [11, 17, 5.6875],
			"to": [14, 18, 6.6875],
			"rotation": {"angle": 0, "axis": "y", "origin": [8, 7.25, 9.6875]},
			"faces": {
				"north": {"uv": [11, 0.5, 10.25, 0.75], "texture": "#0"},
				"east": {"uv": [10.75, 0.5, 11, 0.75], "texture": "#0"},
				"south": {"uv": [10.25, 0.5, 11, 0.75], "texture": "#0"},
				"west": {"uv": [10.25, 0.5, 10.5, 0.75], "texture": "#0"},
				"up": {"uv": [10.25, 0.5, 11, 0.75], "texture": "#0"},
				"down": {"uv": [10.25, 0.5, 11, 0.75], "texture": "#0"}
			}
		},
		{
			"name": "mx8_14",
			"from": [-1, 15, 6.1875],
			"to": [1, 17, 7.1875],
			"rotation": {"angle": 0, "axis": "y", "origin": [8, 7.25, 9.6875]},
			"faces": {
				"north": {"uv": [0.5, 0.75, 0, 1.25], "texture": "#0"},
				"east": {"uv": [0.25, 0.75, 0.5, 1.25], "texture": "#0"},
				"south": {"uv": [0, 7.5, 0.5, 8], "texture": "#0"},
				"west": {"uv": [0, 0.75, 0.25, 1.25], "texture": "#0"},
				"up": {"uv": [0, 0.75, 0.5, 1], "texture": "#0"},
				"down": {"uv": [0, 1, 0.5, 1.25], "texture": "#0"}
			}
		},
		{
			"name": "mx8_15",
			"from": [7, -4, 6.1875],
			"to": [9, 17, 7.1875],
			"rotation": {"angle": 0, "axis": "y", "origin": [8, 7.25, 9.6875]},
			"faces": {
				"north": {"uv": [2.5, 0.75, 2, 6], "texture": "#0"},
				"east": {"uv": [2.25, 0.75, 2.5, 6], "texture": "#0"},
				"south": {"uv": [2, 7.5, 2.5, 12.75], "texture": "#0"},
				"west": {"uv": [2, 0.75, 2.25, 6], "texture": "#0"},
				"up": {"uv": [2, 0.75, 2.5, 1], "texture": "#0"},
				"down": {"uv": [2, 5.75, 2.5, 6], "texture": "#0"}
			}
		},
		{
			"name": "mx8_16",
			"from": [15, 15, 6.1875],
			"to": [17, 17, 7.1875],
			"rotation": {"angle": 0, "axis": "y", "origin": [8, 7.25, 9.6875]},
			"faces": {
				"north": {"uv": [4.5, 0.75, 4, 1.25], "texture": "#0"},
				"east": {"uv": [4.25, 0.75, 4.5, 1.25], "texture": "#0"},
				"south": {"uv": [4, 7.5, 4.5, 8], "texture": "#0"},
				"west": {"uv": [4, 0.75, 4.25, 1.25], "texture": "#0"},
				"up": {"uv": [4, 0.75, 4.5, 1], "texture": "#0"},
				"down": {"uv": [4, 1, 4.5, 1.25], "texture": "#0"}
			}
		},
		{
			"name": "mx8_17",
			"from": [7, 8, 5.6875],
			"to": [9, 12, 6.6875],
			"rotation": {"angle": 0, "axis": "y", "origin": [8, 7.25, 9.6875]},
			"faces": {
				"north": {"uv": [6.25, 0.75, 5.75, 1.75], "texture": "#0"},
				"east": {"uv": [6, 0.75, 6.25, 1.75], "texture": "#0"},
				"south": {"uv": [5.75, 0.75, 6.25, 1.75], "texture": "#0"},
				"west": {"uv": [5.75, 0.75, 6, 1.75], "texture": "#0"},
				"up": {"uv": [5.75, 0.75, 6.25, 1], "texture": "#0"},
				"down": {"uv": [5.75, 1.5, 6.25, 1.75], "texture": "#0"}
			}
		},
		{
			"name": "mx8_18",
			"from": [6, 16, 5.6875],
			"to": [7, 17, 6.6875],
			"rotation": {"angle": 0, "axis": "y", "origin": [8, 7.25, 9.6875]},
			"faces": {
				"north": {"uv": [9.25, 0.75, 9, 1], "texture": "#0"},
				"east": {"uv": [9, 0.75, 9.25, 1], "texture": "#0"},
				"south": {"uv": [9, 0.75, 9.25, 1], "texture": "#0"},
				"west": {"uv": [9, 0.75, 9.25, 1], "texture": "#0"},
				"up": {"uv": [9, 0.75, 9.25, 1], "texture": "#0"},
				"down": {"uv": [9, 0.75, 9.25, 1], "texture": "#0"}
			}
		},
		{
			"name": "mx8_19",
			"from": [9, 16, 5.6875],
			"to": [10, 17, 6.6875],
			"rotation": {"angle": 0, "axis": "y", "origin": [8, 7.25, 9.6875]},
			"faces": {
				"north": {"uv": [10, 0.75, 9.75, 1], "texture": "#0"},
				"east": {"uv": [9.75, 0.75, 10, 1], "texture": "#0"},
				"south": {"uv": [9.75, 0.75, 10, 1], "texture": "#0"},
				"west": {"uv": [9.75, 0.75, 10, 1], "texture": "#0"},
				"up": {"uv": [9.75, 0.75, 10, 1], "texture": "#0"},
				"down": {"uv": [9.75, 0.75, 10, 1], "texture": "#0"}
			}
		},
		{
			"name": "mx8_20",
			"from": [0, 15, 5.6875],
			"to": [6, 16, 6.6875],
			"rotation": {"angle": 0, "axis": "y", "origin": [8, 7.25, 9.6875]},
			"faces": {
				"north": {"uv": [9, 1, 7.5, 1.25], "texture": "#0"},
				"east": {"uv": [8.75, 1, 9, 1.25], "texture": "#0"},
				"south": {"uv": [7.5, 1, 9, 1.25], "texture": "#0"},
				"west": {"uv": [7.5, 1, 7.75, 1.25], "texture": "#0"},
				"up": {"uv": [7.5, 1, 9, 1.25], "texture": "#0"},
				"down": {"uv": [7.5, 1, 9, 1.25], "texture": "#0"}
			}
		},
		{
			"name": "mx8_21",
			"from": [7, 15, 5.6875],
			"to": [9, 16, 6.6875],
			"rotation": {"angle": 0, "axis": "y", "origin": [8, 7.25, 9.6875]},
			"faces": {
				"north": {"uv": [9.75, 1, 9.25, 1.25], "texture": "#0"},
				"east": {"uv": [9.5, 1, 9.75, 1.25], "texture": "#0"},
				"south": {"uv": [9.25, 1, 9.75, 1.25], "texture": "#0"},
				"west": {"uv": [9.25, 1, 9.5, 1.25], "texture": "#0"},
				"up": {"uv": [9.25, 1, 9.75, 1.25], "texture": "#0"},
				"down": {"uv": [9.25, 1, 9.75, 1.25], "texture": "#0"}
			}
		},
		{
			"name": "mx8_22",
			"from": [10, 15, 5.6875],
			"to": [16, 16, 6.6875],
			"rotation": {"angle": 0, "axis": "y", "origin": [8, 7.25, 9.6875]},
			"faces": {
				"north": {"uv": [11.5, 1, 10, 1.25], "texture": "#0"},
				"east": {"uv": [11.25, 1, 11.5, 1.25], "texture": "#0"},
				"south": {"uv": [10, 1, 11.5, 1.25], "texture": "#0"},
				"west": {"uv": [10, 1, 10.25, 1.25], "texture": "#0"},
				"up": {"uv": [10, 1, 11.5, 1.25], "texture": "#0"},
				"down": {"uv": [10, 1, 11.5, 1.25], "texture": "#0"}
			}
		},
		{
			"name": "mx8_23",
			"from": [0, 6, 6.1875],
			"to": [1, 15, 7.1875],
			"rotation": {"angle": 0, "axis": "y", "origin": [8, 7.25, 9.6875]},
			"faces": {
				"north": {"uv": [0.5, 1.25, 0.25, 3.5], "texture": "#0"},
				"east": {"uv": [0.25, 1.25, 0.5, 3.5], "texture": "#0"},
				"south": {"uv": [0.25, 8, 0.5, 10.25], "texture": "#0"},
				"west": {"uv": [0.25, 1.25, 0.5, 3.5], "texture": "#0"},
				"up": {"uv": [0.25, 1.25, 0.5, 1.5], "texture": "#0"},
				"down": {"uv": [0.25, 3.25, 0.5, 3.5], "texture": "#0"}
			}
		},
		{
			"name": "mx8_24",
			"from": [15, 6, 6.1875],
			"to": [16, 15, 7.1875],
			"rotation": {"angle": 0, "axis": "y", "origin": [8, 7.25, 9.6875]},
			"faces": {
				"north": {"uv": [4.25, 1.25, 4, 3.5], "texture": "#0"},
				"east": {"uv": [4, 1.25, 4.25, 3.5], "texture": "#0"},
				"south": {"uv": [4, 8, 4.25, 10.25], "texture": "#0"},
				"west": {"uv": [4, 1.25, 4.25, 3.5], "texture": "#0"},
				"up": {"uv": [4, 1.25, 4.25, 1.5], "texture": "#0"},
				"down": {"uv": [4, 3.25, 4.25, 3.5], "texture": "#0"}
			}
		},
		{
			"name": "mx8_25",
			"from": [5, 14, 5.6875],
			"to": [7, 15, 6.6875],
			"rotation": {"angle": 0, "axis": "y", "origin": [8, 7.25, 9.6875]},
			"faces": {
				"north": {"uv": [9.25, 1.25, 8.75, 1.5], "texture": "#0"},
				"east": {"uv": [9, 1.25, 9.25, 1.5], "texture": "#0"},
				"south": {"uv": [8.75, 1.25, 9.25, 1.5], "texture": "#0"},
				"west": {"uv": [8.75, 1.25, 9, 1.5], "texture": "#0"},
				"up": {"uv": [8.75, 1.25, 9.25, 1.5], "texture": "#0"},
				"down": {"uv": [8.75, 1.25, 9.25, 1.5], "texture": "#0"}
			}
		},
		{
			"name": "mx8_26",
			"from": [9, 14, 5.6875],
			"to": [11, 15, 6.6875],
			"rotation": {"angle": 0, "axis": "y", "origin": [8, 7.25, 9.6875]},
			"faces": {
				"north": {"uv": [10.25, 1.25, 9.75, 1.5], "texture": "#0"},
				"east": {"uv": [10, 1.25, 10.25, 1.5], "texture": "#0"},
				"south": {"uv": [9.75, 1.25, 10.25, 1.5], "texture": "#0"},
				"west": {"uv": [9.75, 1.25, 10, 1.5], "texture": "#0"},
				"up": {"uv": [9.75, 1.25, 10.25, 1.5], "texture": "#0"},
				"down": {"uv": [9.75, 1.25, 10.25, 1.5], "texture": "#0"}
			}
		},
		{
			"name": "mx8_27",
			"from": [6, 3, 7.1875],
			"to": [10, 13, 8.1875],
			"rotation": {"angle": 0, "axis": "y", "origin": [8, 7.25, 9.6875]},
			"faces": {
				"north": {"uv": [15, 1.25, 12.5, 2.25], "rotation": 270, "texture": "#0"},
				"east": {"uv": [12.5, 1.25, 15, 1.5], "rotation": 90, "texture": "#0"},
				"south": {"uv": [12.5, 1.25, 15, 2.25], "rotation": 90, "texture": "#0"},
				"west": {"uv": [12.5, 2, 15, 2.25], "rotation": 90, "texture": "#0"},
				"up": {"uv": [12.5, 1.25, 12.75, 2.25], "rotation": 90, "texture": "#0"},
				"down": {"uv": [14.75, 1.25, 15, 2.25], "rotation": 90, "texture": "#0"}
			}
		},
		{
			"name": "mx8_28",
			"from": [3, 7, 5.6875],
			"to": [5, 9, 6.6875],
			"rotation": {"angle": 0, "axis": "y", "origin": [8, 7.25, 9.6875]},
			"faces": {
				"north": {"uv": [5.25, 1.5, 4.75, 2], "texture": "#0"},
				"east": {"uv": [5, 1.5, 5.25, 2], "texture": "#0"},
				"south": {"uv": [4.75, 1.5, 5.25, 2], "texture": "#0"},
				"west": {"uv": [4.75, 1.5, 5, 2], "texture": "#0"},
				"up": {"uv": [4.75, 1.5, 5.25, 1.75], "texture": "#0"},
				"down": {"uv": [4.75, 1.75, 5.25, 2], "texture": "#0"}
			}
		},
		{
			"name": "mx8_29",
			"from": [11, 7, 5.6875],
			"to": [13, 9, 6.6875],
			"rotation": {"angle": 0, "axis": "y", "origin": [8, 7.25, 9.6875]},
			"faces": {
				"north": {"uv": [7.25, 1.5, 6.75, 2], "texture": "#0"},
				"east": {"uv": [7, 1.5, 7.25, 2], "texture": "#0"},
				"south": {"uv": [6.75, 1.5, 7.25, 2], "texture": "#0"},
				"west": {"uv": [6.75, 1.5, 7, 2], "texture": "#0"},
				"up": {"uv": [6.75, 1.5, 7.25, 1.75], "texture": "#0"},
				"down": {"uv": [6.75, 1.75, 7.25, 2], "texture": "#0"}
			}
		},
		{
			"name": "mx8_30",
			"from": [1, 6, 5.6875],
			"to": [2, 14, 6.6875],
			"rotation": {"angle": 0, "axis": "y", "origin": [8, 7.25, 9.6875]},
			"faces": {
				"north": {"uv": [8, 1.5, 7.75, 3.5], "texture": "#0"},
				"east": {"uv": [7.75, 1.5, 8, 3.5], "texture": "#0"},
				"south": {"uv": [7.75, 1.5, 8, 3.5], "texture": "#0"},
				"west": {"uv": [7.75, 1.5, 8, 3.5], "texture": "#0"},
				"up": {"uv": [7.75, 1.5, 8, 1.75], "texture": "#0"},
				"down": {"uv": [7.75, 3.25, 8, 3.5], "texture": "#0"}
			}
		},
		{
			"name": "mx8_31",
			"from": [7, 13, 5.6875],
			"to": [9, 14, 6.6875],
			"rotation": {"angle": 0, "axis": "y", "origin": [8, 7.25, 9.6875]},
			"faces": {
				"north": {"uv": [9.75, 1.5, 9.25, 1.75], "texture": "#0"},
				"east": {"uv": [9.5, 1.5, 9.75, 1.75], "texture": "#0"},
				"south": {"uv": [9.25, 1.5, 9.75, 1.75], "texture": "#0"},
				"west": {"uv": [9.25, 1.5, 9.5, 1.75], "texture": "#0"},
				"up": {"uv": [9.25, 1.5, 9.75, 1.75], "texture": "#0"},
				"down": {"uv": [9.25, 1.5, 9.75, 1.75], "texture": "#0"}
			}
		},
		{
			"name": "mx8_32",
			"from": [14, 6, 5.6875],
			"to": [15, 14, 6.6875],
			"rotation": {"angle": 0, "axis": "y", "origin": [8, 7.25, 9.6875]},
			"faces": {
				"north": {"uv": [11.25, 1.5, 11, 3.5], "texture": "#0"},
				"east": {"uv": [11, 1.5, 11.25, 3.5], "texture": "#0"},
				"south": {"uv": [11, 1.5, 11.25, 3.5], "texture": "#0"},
				"west": {"uv": [11, 1.5, 11.25, 3.5], "texture": "#0"},
				"up": {"uv": [11, 1.5, 11.25, 1.75], "texture": "#0"},
				"down": {"uv": [11, 3.25, 11.25, 3.5], "texture": "#0"}
			}
		},
		{
			"name": "mx8_33",
			"from": [5, 6, 5.6875],
			"to": [7, 8, 6.6875],
			"rotation": {"angle": 0, "axis": "y", "origin": [8, 7.25, 9.6875]},
			"faces": {
				"north": {"uv": [5.75, 1.75, 5.25, 2.25], "texture": "#0"},
				"east": {"uv": [5.5, 1.75, 5.75, 2.25], "texture": "#0"},
				"south": {"uv": [5.25, 1.75, 5.75, 2.25], "texture": "#0"},
				"west": {"uv": [5.25, 1.75, 5.5, 2.25], "texture": "#0"},
				"up": {"uv": [5.25, 1.75, 5.75, 2], "texture": "#0"},
				"down": {"uv": [5.25, 2, 5.75, 2.25], "texture": "#0"}
			}
		},
		{
			"name": "mx8_34",
			"from": [9, 6, 5.6875],
			"to": [11, 8, 6.6875],
			"rotation": {"angle": 0, "axis": "y", "origin": [8, 7.25, 9.6875]},
			"faces": {
				"north": {"uv": [6.75, 1.75, 6.25, 2.25], "texture": "#0"},
				"east": {"uv": [6.5, 1.75, 6.75, 2.25], "texture": "#0"},
				"south": {"uv": [6.25, 1.75, 6.75, 2.25], "texture": "#0"},
				"west": {"uv": [6.25, 1.75, 6.5, 2.25], "texture": "#0"},
				"up": {"uv": [6.25, 1.75, 6.75, 2], "texture": "#0"},
				"down": {"uv": [6.25, 2, 6.75, 2.25], "texture": "#0"}
			}
		},
		{
			"name": "mx8_35",
			"from": [4, 6, 5.6875],
			"to": [5, 7, 6.6875],
			"rotation": {"angle": 0, "axis": "y", "origin": [8, 7.25, 9.6875]},
			"faces": {
				"north": {"uv": [5.25, 2, 5, 2.25], "texture": "#0"},
				"east": {"uv": [5, 2, 5.25, 2.25], "texture": "#0"},
				"south": {"uv": [5, 2, 5.25, 2.25], "texture": "#0"},
				"west": {"uv": [5, 2, 5.25, 2.25], "texture": "#0"},
				"up": {"uv": [5, 2, 5.25, 2.25], "texture": "#0"},
				"down": {"uv": [5, 2, 5.25, 2.25], "texture": "#0"}
			}
		},
		{
			"name": "mx8_36",
			"from": [7, 4, 5.6875],
			"to": [9, 7, 6.6875],
			"rotation": {"angle": 0, "axis": "y", "origin": [8, 7.25, 9.6875]},
			"faces": {
				"north": {"uv": [6.25, 2, 5.75, 2.75], "texture": "#0"},
				"east": {"uv": [6, 2, 6.25, 2.75], "texture": "#0"},
				"south": {"uv": [5.75, 2, 6.25, 2.75], "texture": "#0"},
				"west": {"uv": [5.75, 2, 6, 2.75], "texture": "#0"},
				"up": {"uv": [5.75, 2, 6.25, 2.25], "texture": "#0"},
				"down": {"uv": [5.75, 2.5, 6.25, 2.75], "texture": "#0"}
			}
		},
		{
			"name": "mx8_37",
			"from": [11, 6, 5.6875],
			"to": [12, 7, 6.6875],
			"rotation": {"angle": 0, "axis": "y", "origin": [8, 7.25, 9.6875]},
			"faces": {
				"north": {"uv": [7, 2, 6.75, 2.25], "texture": "#0"},
				"east": {"uv": [6.75, 2, 7, 2.25], "texture": "#0"},
				"south": {"uv": [6.75, 2, 7, 2.25], "texture": "#0"},
				"west": {"uv": [6.75, 2, 7, 2.25], "texture": "#0"},
				"up": {"uv": [6.75, 2, 7, 2.25], "texture": "#0"},
				"down": {"uv": [6.75, 2, 7, 2.25], "texture": "#0"}
			}
		},
		{
			"name": "mx8_38",
			"from": [6, 5, 5.6875],
			"to": [7, 6, 6.6875],
			"rotation": {"angle": 0, "axis": "y", "origin": [8, 7.25, 9.6875]},
			"faces": {
				"north": {"uv": [5.75, 2.25, 5.5, 2.5], "texture": "#0"},
				"east": {"uv": [5.5, 2.25, 5.75, 2.5], "texture": "#0"},
				"south": {"uv": [5.5, 2.25, 5.75, 2.5], "texture": "#0"},
				"west": {"uv": [5.5, 2.25, 5.75, 2.5], "texture": "#0"},
				"up": {"uv": [5.5, 2.25, 5.75, 2.5], "texture": "#0"},
				"down": {"uv": [5.5, 2.25, 5.75, 2.5], "texture": "#0"}
			}
		},
		{
			"name": "mx8_39",
			"from": [9, 5, 5.6875],
			"to": [10, 6, 6.6875],
			"rotation": {"angle": 0, "axis": "y", "origin": [8, 7.25, 9.6875]},
			"faces": {
				"north": {"uv": [6.5, 2.25, 6.25, 2.5], "texture": "#0"},
				"east": {"uv": [6.25, 2.25, 6.5, 2.5], "texture": "#0"},
				"south": {"uv": [6.25, 2.25, 6.5, 2.5], "texture": "#0"},
				"west": {"uv": [6.25, 2.25, 6.5, 2.5], "texture": "#0"},
				"up": {"uv": [6.25, 2.25, 6.5, 2.5], "texture": "#0"},
				"down": {"uv": [6.25, 2.25, 6.5, 2.5], "texture": "#0"}
			}
		},
		{
			"name": "mx8_40",
			"from": [4, 3, 5.6875],
			"to": [6, 5, 6.6875],
			"rotation": {"angle": 0, "axis": "y", "origin": [8, 7.25, 9.6875]},
			"faces": {
				"north": {"uv": [5.5, 2.5, 5, 3], "texture": "#0"},
				"east": {"uv": [5.25, 2.5, 5.5, 3], "texture": "#0"},
				"south": {"uv": [5, 2.5, 5.5, 3], "texture": "#0"},
				"west": {"uv": [5, 2.5, 5.25, 3], "texture": "#0"},
				"up": {"uv": [5, 2.5, 5.5, 2.75], "texture": "#0"},
				"down": {"uv": [5, 2.75, 5.5, 3], "texture": "#0"}
			}
		},
		{
			"name": "mx8_41",
			"from": [10, 3, 5.6875],
			"to": [12, 5, 6.6875],
			"rotation": {"angle": 0, "axis": "y", "origin": [8, 7.25, 9.6875]},
			"faces": {
				"north": {"uv": [7, 2.5, 6.5, 3], "texture": "#0"},
				"east": {"uv": [6.75, 2.5, 7, 3], "texture": "#0"},
				"south": {"uv": [6.5, 2.5, 7, 3], "texture": "#0"},
				"west": {"uv": [6.5, 2.5, 6.75, 3], "texture": "#0"},
				"up": {"uv": [6.5, 2.5, 7, 2.75], "texture": "#0"},
				"down": {"uv": [6.5, 2.75, 7, 3], "texture": "#0"}
			}
		},
		{
			"name": "mx8_42",
			"from": [7, 10, 8.1875],
			"to": [9, 12, 14.1875],
			"rotation": {"angle": 0, "axis": "y", "origin": [8, 7.25, 9.6875]},
			"faces": {
				"north": {"uv": [12.75, 2.5, 13.25, 2.75], "rotation": 90, "texture": "#0"},
				"east": {"uv": [12.75, 2.5, 13.25, 4], "rotation": 90, "texture": "#0"},
				"south": {"uv": [12.75, 3.75, 13.25, 4], "rotation": 90, "texture": "#0"},
				"west": {"uv": [13.25, 2.5, 12.75, 4], "rotation": 270, "texture": "#0"},
				"up": {"uv": [12.75, 2.5, 13, 4], "texture": "#0"},
				"down": {"uv": [13, 2.5, 13.25, 4], "rotation": 180, "texture": "#0"}
			}
		},
		{
			"name": "mx8_43",
			"from": [7, 4, 8.1875],
			"to": [9, 6, 14.1875],
			"rotation": {"angle": 0, "axis": "y", "origin": [8, 7.25, 9.6875]},
			"faces": {
				"north": {"uv": [14.25, 2.5, 14.75, 2.75], "rotation": 90, "texture": "#0"},
				"east": {"uv": [14.25, 2.5, 14.75, 4], "rotation": 90, "texture": "#0"},
				"south": {"uv": [14.25, 3.75, 14.75, 4], "rotation": 90, "texture": "#0"},
				"west": {"uv": [14.75, 2.5, 14.25, 4], "rotation": 270, "texture": "#0"},
				"up": {"uv": [14.25, 2.5, 14.5, 4], "texture": "#0"},
				"down": {"uv": [14.5, 2.5, 14.75, 4], "rotation": 180, "texture": "#0"}
			}
		},
		{
			"name": "mx8_44",
			"from": [6, 0, 5.6875],
			"to": [7, 4, 6.6875],
			"rotation": {"angle": 0, "axis": "y", "origin": [8, 7.25, 9.6875]},
			"faces": {
				"north": {"uv": [5.75, 2.75, 5.5, 3.75], "texture": "#0"},
				"east": {"uv": [5.5, 2.75, 5.75, 3.75], "texture": "#0"},
				"south": {"uv": [5.5, 2.75, 5.75, 3.75], "texture": "#0"},
				"west": {"uv": [5.5, 2.75, 5.75, 3.75], "texture": "#0"},
				"up": {"uv": [5.5, 2.75, 5.75, 3], "texture": "#0"},
				"down": {"uv": [5.5, 3.5, 5.75, 3.75], "texture": "#0"}
			}
		},
		{
			"name": "mx8_45",
			"from": [9, 0, 5.6875],
			"to": [10, 4, 6.6875],
			"rotation": {"angle": 0, "axis": "y", "origin": [8, 7.25, 9.6875]},
			"faces": {
				"north": {"uv": [6.5, 2.75, 6.25, 3.75], "texture": "#0"},
				"east": {"uv": [6.25, 2.75, 6.5, 3.75], "texture": "#0"},
				"south": {"uv": [6.25, 2.75, 6.5, 3.75], "texture": "#0"},
				"west": {"uv": [6.25, 2.75, 6.5, 3.75], "texture": "#0"},
				"up": {"uv": [6.25, 2.75, 6.5, 3], "texture": "#0"},
				"down": {"uv": [6.25, 3.5, 6.5, 3.75], "texture": "#0"}
			}
		},
		{
			"name": "mx8_46",
			"from": [5, 1, 5.6875],
			"to": [6, 3, 6.6875],
			"rotation": {"angle": 0, "axis": "y", "origin": [8, 7.25, 9.6875]},
			"faces": {
				"north": {"uv": [5.5, 3, 5.25, 3.5], "texture": "#0"},
				"east": {"uv": [5.25, 3, 5.5, 3.5], "texture": "#0"},
				"south": {"uv": [5.25, 3, 5.5, 3.5], "texture": "#0"},
				"west": {"uv": [5.25, 3, 5.5, 3.5], "texture": "#0"},
				"up": {"uv": [5.25, 3, 5.5, 3.25], "texture": "#0"},
				"down": {"uv": [5.25, 3.25, 5.5, 3.5], "texture": "#0"}
			}
		},
		{
			"name": "mx8_47",
			"from": [7, -1, 5.6875],
			"to": [9, 3, 6.6875],
			"rotation": {"angle": 0, "axis": "y", "origin": [8, 7.25, 9.6875]},
			"faces": {
				"north": {"uv": [6.25, 3, 5.75, 4], "texture": "#0"},
				"east": {"uv": [6, 3, 6.25, 4], "texture": "#0"},
				"south": {"uv": [5.75, 3, 6.25, 4], "texture": "#0"},
				"west": {"uv": [5.75, 3, 6, 4], "texture": "#0"},
				"up": {"uv": [5.75, 3, 6.25, 3.25], "texture": "#0"},
				"down": {"uv": [5.75, 3.75, 6.25, 4], "texture": "#0"}
			}
		},
		{
			"name": "mx8_48",
			"from": [10, 1, 5.6875],
			"to": [11, 3, 6.6875],
			"rotation": {"angle": 0, "axis": "y", "origin": [8, 7.25, 9.6875]},
			"faces": {
				"north": {"uv": [6.75, 3, 6.5, 3.5], "texture": "#0"},
				"east": {"uv": [6.5, 3, 6.75, 3.5], "texture": "#0"},
				"south": {"uv": [6.5, 3, 6.75, 3.5], "texture": "#0"},
				"west": {"uv": [6.5, 3, 6.75, 3.5], "texture": "#0"},
				"up": {"uv": [6.5, 3, 6.75, 3.25], "texture": "#0"},
				"down": {"uv": [6.5, 3.25, 6.75, 3.5], "texture": "#0"}
			}
		},
		{
			"name": "mx8_49",
			"from": [2, 2, 5.6875],
			"to": [3, 7, 6.6875],
			"rotation": {"angle": 0, "axis": "y", "origin": [8, 7.25, 9.6875]},
			"faces": {
				"north": {"uv": [8.25, 3.25, 8, 4.5], "texture": "#0"},
				"east": {"uv": [8, 3.25, 8.25, 4.5], "texture": "#0"},
				"south": {"uv": [8, 3.25, 8.25, 4.5], "texture": "#0"},
				"west": {"uv": [8, 3.25, 8.25, 4.5], "texture": "#0"},
				"up": {"uv": [8, 3.25, 8.25, 3.5], "texture": "#0"},
				"down": {"uv": [8, 4.25, 8.25, 4.5], "texture": "#0"}
			}
		},
		{
			"name": "mx8_50",
			"from": [13, 2, 5.6875],
			"to": [14, 7, 6.6875],
			"rotation": {"angle": 0, "axis": "y", "origin": [8, 7.25, 9.6875]},
			"faces": {
				"north": {"uv": [11, 3.25, 10.75, 4.5], "texture": "#0"},
				"east": {"uv": [10.75, 3.25, 11, 4.5], "texture": "#0"},
				"south": {"uv": [10.75, 3.25, 11, 4.5], "texture": "#0"},
				"west": {"uv": [10.75, 3.25, 11, 4.5], "texture": "#0"},
				"up": {"uv": [10.75, 3.25, 11, 3.5], "texture": "#0"},
				"down": {"uv": [10.75, 4.25, 11, 4.5], "texture": "#0"}
			}
		},
		{
			"name": "mx8_51",
			"from": [7, 6, 12.1875],
			"to": [9, 10, 14.1875],
			"rotation": {"angle": 0, "axis": "y", "origin": [8, 7.25, 9.6875]},
			"faces": {
				"north": {"uv": [13.25, 3.5, 14.25, 3.75], "rotation": 90, "texture": "#0"},
				"east": {"uv": [13.25, 3.5, 14.25, 4], "rotation": 90, "texture": "#0"},
				"south": {"uv": [13.25, 3.75, 14.25, 4], "rotation": 90, "texture": "#0"},
				"west": {"uv": [14.25, 3.5, 13.25, 4], "rotation": 270, "texture": "#0"},
				"up": {"uv": [13.25, 3.5, 13.5, 4], "texture": "#0"},
				"down": {"uv": [14, 3.5, 14.25, 4], "rotation": 180, "texture": "#0"}
			}
		},
		{
			"name": "mx8_52",
			"from": [3, 0, 5.6875],
			"to": [4, 3, 6.6875],
			"rotation": {"angle": 0, "axis": "y", "origin": [8, 7.25, 9.6875]},
			"faces": {
				"north": {"uv": [8.5, 4.25, 8.25, 5], "texture": "#0"},
				"east": {"uv": [8.25, 4.25, 8.5, 5], "texture": "#0"},
				"south": {"uv": [8.25, 4.25, 8.5, 5], "texture": "#0"},
				"west": {"uv": [8.25, 4.25, 8.5, 5], "texture": "#0"},
				"up": {"uv": [8.25, 4.25, 8.5, 4.5], "texture": "#0"},
				"down": {"uv": [8.25, 4.75, 8.5, 5], "texture": "#0"}
			}
		},
		{
			"name": "mx8_53",
			"from": [12, 0, 5.6875],
			"to": [13, 3, 6.6875],
			"rotation": {"angle": 0, "axis": "y", "origin": [8, 7.25, 9.6875]},
			"faces": {
				"north": {"uv": [10.75, 4.25, 10.5, 5], "texture": "#0"},
				"east": {"uv": [10.5, 4.25, 10.75, 5], "texture": "#0"},
				"south": {"uv": [10.5, 4.25, 10.75, 5], "texture": "#0"},
				"west": {"uv": [10.5, 4.25, 10.75, 5], "texture": "#0"},
				"up": {"uv": [10.5, 4.25, 10.75, 4.5], "texture": "#0"},
				"down": {"uv": [10.5, 4.75, 10.75, 5], "texture": "#0"}
			}
		},
		{
			"name": "mx8_54",
			"from": [4, -1, 5.6875],
			"to": [5, 1, 6.6875],
			"rotation": {"angle": 0, "axis": "y", "origin": [8, 7.25, 9.6875]},
			"faces": {
				"north": {"uv": [8.75, 4.75, 8.5, 5.25], "texture": "#0"},
				"east": {"uv": [8.5, 4.75, 8.75, 5.25], "texture": "#0"},
				"south": {"uv": [8.5, 4.75, 8.75, 5.25], "texture": "#0"},
				"west": {"uv": [8.5, 4.75, 8.75, 5.25], "texture": "#0"},
				"up": {"uv": [8.5, 4.75, 8.75, 5], "texture": "#0"},
				"down": {"uv": [8.5, 5, 8.75, 5.25], "texture": "#0"}
			}
		},
		{
			"name": "mx8_55",
			"from": [11, -1, 5.6875],
			"to": [12, 1, 6.6875],
			"rotation": {"angle": 0, "axis": "y", "origin": [8, 7.25, 9.6875]},
			"faces": {
				"north": {"uv": [10.5, 4.75, 10.25, 5.25], "texture": "#0"},
				"east": {"uv": [10.25, 4.75, 10.5, 5.25], "texture": "#0"},
				"south": {"uv": [10.25, 4.75, 10.5, 5.25], "texture": "#0"},
				"west": {"uv": [10.25, 4.75, 10.5, 5.25], "texture": "#0"},
				"up": {"uv": [10.25, 4.75, 10.5, 5], "texture": "#0"},
				"down": {"uv": [10.25, 5, 10.5, 5.25], "texture": "#0"}
			}
		},
		{
			"name": "mx8_56",
			"from": [3, -1, 6.1875],
			"to": [5, 0, 7.1875],
			"rotation": {"angle": 0, "axis": "y", "origin": [8, 7.25, 9.6875]},
			"faces": {
				"north": {"uv": [1.5, 5, 1, 5.25], "texture": "#0"},
				"east": {"uv": [1.25, 5, 1.5, 5.25], "texture": "#0"},
				"south": {"uv": [1, 11.75, 1.5, 12], "texture": "#0"},
				"west": {"uv": [1, 5, 1.25, 5.25], "texture": "#0"},
				"up": {"uv": [1, 5, 1.5, 5.25], "texture": "#0"},
				"down": {"uv": [1, 5, 1.5, 5.25], "texture": "#0"}
			}
		},
		{
			"name": "mx8_57",
			"from": [11, -1, 6.1875],
			"to": [13, 0, 7.1875],
			"rotation": {"angle": 0, "axis": "y", "origin": [8, 7.25, 9.6875]},
			"faces": {
				"north": {"uv": [3.5, 5, 3, 5.25], "texture": "#0"},
				"east": {"uv": [3.25, 5, 3.5, 5.25], "texture": "#0"},
				"south": {"uv": [3, 11.75, 3.5, 12], "texture": "#0"},
				"west": {"uv": [3, 5, 3.25, 5.25], "texture": "#0"},
				"up": {"uv": [3, 5, 3.5, 5.25], "texture": "#0"},
				"down": {"uv": [3, 5, 3.5, 5.25], "texture": "#0"}
			}
		},
		{
			"name": "mx8_58",
			"from": [5, -2, 5.6875],
			"to": [6, 0, 6.6875],
			"rotation": {"angle": 0, "axis": "y", "origin": [8, 7.25, 9.6875]},
			"faces": {
				"north": {"uv": [9, 5, 8.75, 5.5], "texture": "#0"},
				"east": {"uv": [8.75, 5, 9, 5.5], "texture": "#0"},
				"south": {"uv": [8.75, 5, 9, 5.5], "texture": "#0"},
				"west": {"uv": [8.75, 5, 9, 5.5], "texture": "#0"},
				"up": {"uv": [8.75, 5, 9, 5.25], "texture": "#0"},
				"down": {"uv": [8.75, 5.25, 9, 5.5], "texture": "#0"}
			}
		},
		{
			"name": "mx8_59",
			"from": [10, -2, 5.6875],
			"to": [11, 0, 6.6875],
			"rotation": {"angle": 0, "axis": "y", "origin": [8, 7.25, 9.6875]},
			"faces": {
				"north": {"uv": [10.25, 5, 10, 5.5], "texture": "#0"},
				"east": {"uv": [10, 5, 10.25, 5.5], "texture": "#0"},
				"south": {"uv": [10, 5, 10.25, 5.5], "texture": "#0"},
				"west": {"uv": [10, 5, 10.25, 5.5], "texture": "#0"},
				"up": {"uv": [10, 5, 10.25, 5.25], "texture": "#0"},
				"down": {"uv": [10, 5.25, 10.25, 5.5], "texture": "#0"}
			}
		},
		{
			"name": "mx8_60",
			"from": [4, -2, 6.1875],
			"to": [5, -1, 7.1875],
			"rotation": {"angle": 0, "axis": "y", "origin": [8, 7.25, 9.6875]},
			"faces": {
				"north": {"uv": [1.5, 5.25, 1.25, 5.5], "texture": "#0"},
				"east": {"uv": [1.25, 5.25, 1.5, 5.5], "texture": "#0"},
				"south": {"uv": [1.25, 12, 1.5, 12.25], "texture": "#0"},
				"west": {"uv": [1.25, 5.25, 1.5, 5.5], "texture": "#0"},
				"up": {"uv": [1.25, 5.25, 1.5, 5.5], "texture": "#0"},
				"down": {"uv": [1.25, 5.25, 1.5, 5.5], "texture": "#0"}
			}
		},
		{
			"name": "mx8_61",
			"from": [11, -2, 6.1875],
			"to": [12, -1, 7.1875],
			"rotation": {"angle": 0, "axis": "y", "origin": [8, 7.25, 9.6875]},
			"faces": {
				"north": {"uv": [3.25, 5.25, 3, 5.5], "texture": "#0"},
				"east": {"uv": [3, 5.25, 3.25, 5.5], "texture": "#0"},
				"south": {"uv": [3, 12, 3.25, 12.25], "texture": "#0"},
				"west": {"uv": [3, 5.25, 3.25, 5.5], "texture": "#0"},
				"up": {"uv": [3, 5.25, 3.25, 5.5], "texture": "#0"},
				"down": {"uv": [3, 5.25, 3.25, 5.5], "texture": "#0"}
			}
		},
		{
			"name": "mx8_62",
			"from": [6, -3, 5.6875],
			"to": [7, -1, 6.6875],
			"rotation": {"angle": 0, "axis": "y", "origin": [8, 7.25, 9.6875]},
			"faces": {
				"north": {"uv": [9.25, 5.25, 9, 5.75], "texture": "#0"},
				"east": {"uv": [9, 5.25, 9.25, 5.75], "texture": "#0"},
				"south": {"uv": [9, 5.25, 9.25, 5.75], "texture": "#0"},
				"west": {"uv": [9, 5.25, 9.25, 5.75], "texture": "#0"},
				"up": {"uv": [9, 5.25, 9.25, 5.5], "texture": "#0"},
				"down": {"uv": [9, 5.5, 9.25, 5.75], "texture": "#0"}
			}
		},
		{
			"name": "mx8_63",
			"from": [9, -3, 5.6875],
			"to": [10, -1, 6.6875],
			"rotation": {"angle": 0, "axis": "y", "origin": [8, 7.25, 9.6875]},
			"faces": {
				"north": {"uv": [10, 5.25, 9.75, 5.75], "texture": "#0"},
				"east": {"uv": [9.75, 5.25, 10, 5.75], "texture": "#0"},
				"south": {"uv": [9.75, 5.25, 10, 5.75], "texture": "#0"},
				"west": {"uv": [9.75, 5.25, 10, 5.75], "texture": "#0"},
				"up": {"uv": [9.75, 5.25, 10, 5.5], "texture": "#0"},
				"down": {"uv": [9.75, 5.5, 10, 5.75], "texture": "#0"}
			}
		},
		{
			"name": "mx8_64",
			"from": [7, -3, 5.6875],
			"to": [9, -2, 6.6875],
			"rotation": {"angle": 0, "axis": "y", "origin": [8, 7.25, 9.6875]},
			"faces": {
				"north": {"uv": [9.75, 5.5, 9.25, 5.75], "texture": "#0"},
				"east": {"uv": [9.5, 5.5, 9.75, 5.75], "texture": "#0"},
				"south": {"uv": [9.25, 5.5, 9.75, 5.75], "texture": "#0"},
				"west": {"uv": [9.25, 5.5, 9.5, 5.75], "texture": "#0"},
				"up": {"uv": [9.25, 5.5, 9.75, 5.75], "texture": "#0"},
				"down": {"uv": [9.25, 5.5, 9.75, 5.75], "texture": "#0"}
			}
		},
		{
			"name": "mx8_65",
			"from": [6, -4, 6.1875],
			"to": [7, -3, 7.1875],
			"rotation": {"angle": 0, "axis": "y", "origin": [8, 7.25, 9.6875]},
			"faces": {
				"north": {"uv": [2, 5.75, 1.75, 6], "texture": "#0"},
				"east": {"uv": [1.75, 5.75, 2, 6], "texture": "#0"},
				"south": {"uv": [1.75, 12.5, 2, 12.75], "texture": "#0"},
				"west": {"uv": [1.75, 5.75, 2, 6], "texture": "#0"},
				"up": {"uv": [1.75, 5.75, 2, 6], "texture": "#0"},
				"down": {"uv": [1.75, 5.75, 2, 6], "texture": "#0"}
			}
		},
		{
			"name": "mx8_66",
			"from": [9, -4, 6.1875],
			"to": [10, -3, 7.1875],
			"rotation": {"angle": 0, "axis": "y", "origin": [8, 7.25, 9.6875]},
			"faces": {
				"north": {"uv": [2.75, 5.75, 2.5, 6], "texture": "#0"},
				"east": {"uv": [2.5, 5.75, 2.75, 6], "texture": "#0"},
				"south": {"uv": [2.5, 12.5, 2.75, 12.75], "texture": "#0"},
				"west": {"uv": [2.5, 5.75, 2.75, 6], "texture": "#0"},
				"up": {"uv": [2.5, 5.75, 2.75, 6], "texture": "#0"},
				"down": {"uv": [2.5, 5.75, 2.75, 6], "texture": "#0"}
			}
		}
	],
	"gui_light": "front",
	"overrides": [
		{"predicate": {"blocking": 1}, "model": "tfc:item/metal/shield/red_steel_blocking"}
	],
	"display": {
		"thirdperson_righthand": {
			"rotation": [0, -90, 0],
			"translation": [2.3, -2, 3.5]
		},
		"thirdperson_lefthand": {
			"rotation": [0, -90, 0],
			"translation": [2.3, -2, 3.5]
		},
		"firstperson_righthand": {
			"rotation": [0, -15, -8],
			"translation": [-0.75, -2.5, 0]
		},
		"firstperson_lefthand": {
			"rotation": [0, -15, -8],
			"translation": [-0.75, -2.5, 0]
		},
		"ground": {
			"translation": [0, 4, 0],
			"scale": [0.5, 0.5, 0.5]
		},
		"gui": {
			"rotation": [0, 180, 0],
			"scale": [0.75, 0.75, 0.9]
		},
		"head": {
			"translation": [0, 0, -7.56]
		},
		"fixed": {
			"translation": [0, 0, -0.38]
		}
	},
	"groups": [
		{
			"name": "mx8",
			"origin": [8, 8, 8],
			"color": 0,
			"children": [
				0,
				1,
				2,
				3,
				4,
				5,
				6,
				7,
				8,
				9,
				10,
				11,
				12,
				13,
				14,
				15,
				16,
				17,
				18,
				19,
				20,
				21,
				22,
				23,
				24,
				25,
				26,
				27,
				28,
				29,
				30,
				31,
				32,
				33,
				34,
				35,
				36,
				37,
				38,
				39,
				40,
				41,
				42,
				43,
				44,
				45,
				46,
				47,
				48,
				49,
				50,
				51,
				52,
				53,
				54,
				55,
				56,
				57,
				58,
				59,
				60,
				61,
				62,
				63,
				64,
				65,
				66
			]
		}
	]
}