{
	"credit": "Made with Blockbench",
	"textures": {
		"0": "tfc:item/metal/shield/steel"
	},
	"elements": [
		{
			"name": "mx9_0",
			"from": [6, -4, 6.1875],
			"to": [10, 18, 7.1875],
			"rotation": {"angle": 0, "axis": "y", "origin": [8, 6, 9.9375]},
			"faces": {
				"north": {"uv": [2.5, 0, 1.5, 5.5], "texture": "#0"},
				"east": {"uv": [2.25, 0, 2.5, 5.5], "texture": "#0"},
				"south": {"uv": [9.5, 0, 10.5, 5.5], "texture": "#0"},
				"west": {"uv": [1.5, 0, 1.75, 5.5], "texture": "#0"},
				"up": {"uv": [1.5, 0, 2.5, 0.25], "texture": "#0"},
				"down": {"uv": [1.5, 5.25, 2.5, 5.5], "texture": "#0"}
			}
		},
		{
			"name": "mx9_2",
			"from": [3, -2, 6.1875],
			"to": [6, 17, 7.1875],
			"rotation": {"angle": 0, "axis": "y", "origin": [8, 6, 9.9375]},
			"faces": {
				"north": {"uv": [1.5, 0.25, 0.75, 5], "texture": "#0"},
				"east": {"uv": [1.25, 0.25, 1.5, 5], "texture": "#0"},
				"south": {"uv": [8.75, 0.25, 9.5, 5], "texture": "#0"},
				"west": {"uv": [0.75, 0.25, 1, 5], "texture": "#0"},
				"up": {"uv": [0.75, 0.25, 1.5, 0.5], "texture": "#0"},
				"down": {"uv": [0.75, 4.75, 1.5, 5], "texture": "#0"}
			}
		},
		{
			"name": "mx9_3",
			"from": [10, -2, 6.1875],
			"to": [13, 17, 7.1875],
			"rotation": {"angle": 0, "axis": "y", "origin": [8, 6, 9.9375]},
			"faces": {
				"north": {"uv": [3.25, 0.25, 2.5, 5], "texture": "#0"},
				"east": {"uv": [3, 0.25, 3.25, 5], "texture": "#0"},
				"south": {"uv": [10.5, 0.25, 11.25, 5], "texture": "#0"},
				"west": {"uv": [2.5, 0.25, 2.75, 5], "texture": "#0"},
				"up": {"uv": [2.5, 0.25, 3.25, 0.5], "texture": "#0"},
				"down": {"uv": [2.5, 4.75, 3.25, 5], "texture": "#0"}
			}
		},
		{
			"name": "mx9_4",
			"from": [6, 16, 5.6875],
			"to": [10, 17, 6.6875],
			"rotation": {"angle": 0, "axis": "y", "origin": [8, 6, 9.9375]},
			"faces": {
				"north": {"uv": [6.5, 0.25, 5.5, 0.5], "texture": "#0"},
				"east": {"uv": [6.25, 0.25, 6.5, 0.5], "texture": "#0"},
				"south": {"uv": [5.5, 0.25, 6.5, 0.5], "texture": "#0"},
				"west": {"uv": [5.5, 0.25, 5.75, 0.5], "texture": "#0"},
				"up": {"uv": [5.5, 0.25, 6.5, 0.5], "texture": "#0"},
				"down": {"uv": [5.5, 0.25, 6.5, 0.5], "texture": "#0"}
			}
		},
		{
			"name": "mx9_7",
			"from": [0, 5, 6.1875],
			"to": [3, 16, 7.1875],
			"rotation": {"angle": 0, "axis": "y", "origin": [8, 6, 9.9375]},
			"faces": {
				"north": {"uv": [0.75, 0.5, 0, 3.25], "texture": "#0"},
				"east": {"uv": [0.5, 0.5, 0.75, 3.25], "texture": "#0"},
				"south": {"uv": [8, 0.5, 8.75, 3.25], "texture": "#0"},
				"west": {"uv": [0, 0.5, 0.25, 3.25], "texture": "#0"},
				"up": {"uv": [0, 0.5, 0.75, 0.75], "texture": "#0"},
				"down": {"uv": [0, 3, 0.75, 3.25], "texture": "#0"}
			}
		},
		{
			"name": "mx9_8",
			"from": [13, 5, 6.1875],
			"to": [16, 16, 7.1875],
			"rotation": {"angle": 0, "axis": "y", "origin": [8, 6, 9.9375]},
			"faces": {
				"north": {"uv": [4, 0.5, 3.25, 3.25], "texture": "#0"},
				"east": {"uv": [3.75, 0.5, 4, 3.25], "texture": "#0"},
				"south": {"uv": [11.25, 0.5, 12, 3.25], "texture": "#0"},
				"west": {"uv": [3.25, 0.5, 3.5, 3.25], "texture": "#0"},
				"up": {"uv": [3.25, 0.5, 4, 0.75], "texture": "#0"},
				"down": {"uv": [3.25, 3, 4, 3.25], "texture": "#0"}
			}
		},
		{
			"name": "mx9_9",
			"from": [3, 14, 5.6875],
			"to": [5, 16, 6.6875],
			"rotation": {"angle": 0, "axis": "y", "origin": [8, 6, 9.9375]},
			"faces": {
				"north": {"uv": [5.25, 0.5, 4.75, 1], "texture": "#0"},
				"east": {"uv": [5, 0.5, 5.25, 1], "texture": "#0"},
				"south": {"uv": [4.75, 0.5, 5.25, 1], "texture": "#0"},
				"west": {"uv": [4.75, 0.5, 5, 1], "texture": "#0"},
				"up": {"uv": [4.75, 0.5, 5.25, 0.75], "texture": "#0"},
				"down": {"uv": [4.75, 0.75, 5.25, 1], "texture": "#0"}
			}
		},
		{
			"name": "mx9_10",
			"from": [5, 15, 5.6875],
			"to": [7, 16, 6.6875],
			"rotation": {"angle": 0, "axis": "y", "origin": [8, 6, 9.9375]},
			"faces": {
				"north": {"uv": [5.75, 0.5, 5.25, 0.75], "texture": "#0"},
				"east": {"uv": [5.5, 0.5, 5.75, 0.75], "texture": "#0"},
				"south": {"uv": [5.25, 0.5, 5.75, 0.75], "texture": "#0"},
				"west": {"uv": [5.25, 0.5, 5.5, 0.75], "texture": "#0"},
				"up": {"uv": [5.25, 0.5, 5.75, 0.75], "texture": "#0"},
				"down": {"uv": [5.25, 0.5, 5.75, 0.75], "texture": "#0"}
			}
		},
		{
			"name": "mx9_11",
			"from": [9, 15, 5.6875],
			"to": [13, 16, 6.6875],
			"rotation": {"angle": 0, "axis": "y", "origin": [8, 6, 9.9375]},
			"faces": {
				"north": {"uv": [7.25, 0.5, 6.25, 0.75], "texture": "#0"},
				"east": {"uv": [7, 0.5, 7.25, 0.75], "texture": "#0"},
				"south": {"uv": [6.25, 0.5, 7.25, 0.75], "texture": "#0"},
				"west": {"uv": [6.25, 0.5, 6.5, 0.75], "texture": "#0"},
				"up": {"uv": [6.25, 0.5, 7.25, 0.75], "texture": "#0"},
				"down": {"uv": [6.25, 0.5, 7.25, 0.75], "texture": "#0"}
			}
		},
		{
			"name": "mx9_14",
			"from": [1, 13, 5.6875],
			"to": [3, 15, 6.6875],
			"rotation": {"angle": 0, "axis": "y", "origin": [8, 6, 9.9375]},
			"faces": {
				"north": {"uv": [4.75, 0.75, 4.25, 1.25], "texture": "#0"},
				"east": {"uv": [4.5, 0.75, 4.75, 1.25], "texture": "#0"},
				"south": {"uv": [4.25, 0.75, 4.75, 1.25], "texture": "#0"},
				"west": {"uv": [4.25, 0.75, 4.5, 1.25], "texture": "#0"},
				"up": {"uv": [4.25, 0.75, 4.75, 1], "texture": "#0"},
				"down": {"uv": [4.25, 1, 4.75, 1.25], "texture": "#0"}
			}
		},
		{
			"name": "mx9_15",
			"from": [11, 14, 5.6875],
			"to": [15, 15, 6.6875],
			"rotation": {"angle": 0, "axis": "y", "origin": [8, 6, 9.9375]},
			"faces": {
				"north": {"uv": [7.75, 0.75, 6.75, 1], "texture": "#0"},
				"east": {"uv": [7.5, 0.75, 7.75, 1], "texture": "#0"},
				"south": {"uv": [6.75, 0.75, 7.75, 1], "texture": "#0"},
				"west": {"uv": [6.75, 0.75, 7, 1], "texture": "#0"},
				"up": {"uv": [6.75, 0.75, 7.75, 1], "texture": "#0"},
				"down": {"uv": [6.75, 0.75, 7.75, 1], "texture": "#0"}
			}
		},
		{
			"name": "mx9_16",
			"from": [13, 13, 5.6875],
			"to": [15, 14, 6.6875],
			"rotation": {"angle": 0, "axis": "y", "origin": [8, 6, 9.9375]},
			"faces": {
				"north": {"uv": [7.75, 1, 7.25, 1.25], "texture": "#0"},
				"east": {"uv": [7.5, 1, 7.75, 1.25], "texture": "#0"},
				"south": {"uv": [7.25, 1, 7.75, 1.25], "texture": "#0"},
				"west": {"uv": [7.25, 1, 7.5, 1.25], "texture": "#0"},
				"up": {"uv": [7.25, 1, 7.75, 1.25], "texture": "#0"},
				"down": {"uv": [7.25, 1, 7.75, 1.25], "texture": "#0"}
			}
		},
		{
			"name": "mx9_17",
			"from": [1, 5, 5.6875],
			"to": [2, 13, 6.6875],
			"rotation": {"angle": 0, "axis": "y", "origin": [8, 6, 9.9375]},
			"faces": {
				"north": {"uv": [4.5, 1.25, 4.25, 3.25], "texture": "#0"},
				"east": {"uv": [4.25, 1.25, 4.5, 3.25], "texture": "#0"},
				"south": {"uv": [4.25, 1.25, 4.5, 3.25], "texture": "#0"},
				"west": {"uv": [4.25, 1.25, 4.5, 3.25], "texture": "#0"},
				"up": {"uv": [4.25, 1.25, 4.5, 1.5], "texture": "#0"},
				"down": {"uv": [4.25, 3, 4.5, 3.25], "texture": "#0"}
			}
		},
		{
			"name": "mx9_18",
			"from": [14, 5, 5.6875],
			"to": [15, 13, 6.6875],
			"rotation": {"angle": 0, "axis": "y", "origin": [8, 6, 9.9375]},
			"faces": {
				"north": {"uv": [7.75, 1.25, 7.5, 3.25], "texture": "#0"},
				"east": {"uv": [7.5, 1.25, 7.75, 3.25], "texture": "#0"},
				"south": {"uv": [7.5, 1.25, 7.75, 3.25], "texture": "#0"},
				"west": {"uv": [7.5, 1.25, 7.75, 3.25], "texture": "#0"},
				"up": {"uv": [7.5, 1.25, 7.75, 1.5], "texture": "#0"},
				"down": {"uv": [7.5, 3, 7.75, 3.25], "texture": "#0"}
			}
		},
		{
			"name": "mx9_19",
			"from": [6.5, 2, 7.1875],
			"to": [9.5, 12, 8.1875],
			"rotation": {"angle": 0, "axis": "y", "origin": [8, 6, 9.9375]},
			"faces": {
				"north": {"uv": [14.75, 1.5, 12.25, 2.25], "rotation": 90, "texture": "#0"},
				"east": {"uv": [12.25, 2, 14.75, 2.25], "rotation": 270, "texture": "#0"},
				"south": {"uv": [12.25, 1.5, 14.75, 2.25], "rotation": 270, "texture": "#0"},
				"west": {"uv": [12.25, 1.5, 14.75, 1.75], "rotation": 270, "texture": "#0"},
				"up": {"uv": [14.5, 1.5, 14.75, 2.25], "rotation": 270, "texture": "#0"},
				"down": {"uv": [12.25, 1.5, 12.5, 2.25], "rotation": 270, "texture": "#0"}
			}
		},
		{
			"name": "mx9_20",
			"from": [7.5, 3, 8.1875],
			"to": [8.5, 5, 13.1875],
			"rotation": {"angle": 0, "axis": "y", "origin": [8, 6, 9.9375]},
			"faces": {
				"north": {"uv": [12.5, 2.5, 13, 2.75], "rotation": 270, "texture": "#0"},
				"east": {"uv": [13, 2.5, 12.5, 3.75], "rotation": 90, "texture": "#0"},
				"south": {"uv": [12.5, 3.5, 13, 3.75], "rotation": 270, "texture": "#0"},
				"west": {"uv": [12.5, 2.5, 13, 3.75], "rotation": 270, "texture": "#0"},
				"up": {"uv": [12.75, 2.5, 13, 3.75], "texture": "#0"},
				"down": {"uv": [12.5, 2.5, 12.75, 3.75], "rotation": 180, "texture": "#0"}
			}
		},
		{
			"name": "mx9_21",
			"from": [7.5, 9, 8.1875],
			"to": [8.5, 11, 13.1875],
			"rotation": {"angle": 0, "axis": "y", "origin": [8, 6, 9.9375]},
			"faces": {
				"north": {"uv": [14, 2.5, 14.5, 2.75], "rotation": 270, "texture": "#0"},
				"east": {"uv": [14.5, 2.5, 14, 3.75], "rotation": 90, "texture": "#0"},
				"south": {"uv": [14, 3.5, 14.5, 3.75], "rotation": 270, "texture": "#0"},
				"west": {"uv": [14, 2.5, 14.5, 3.75], "rotation": 270, "texture": "#0"},
				"up": {"uv": [14.25, 2.5, 14.5, 3.75], "texture": "#0"},
				"down": {"uv": [14, 2.5, 14.25, 3.75], "rotation": 180, "texture": "#0"}
			}
		},
		{
			"name": "mx9_22",
			"from": [2, 0, 5.6875],
			"to": [3, 7, 6.6875],
			"rotation": {"angle": 0, "axis": "y", "origin": [8, 6, 9.9375]},
			"faces": {
				"north": {"uv": [4.75, 2.75, 4.5, 4.5], "texture": "#0"},
				"east": {"uv": [4.5, 2.75, 4.75, 4.5], "texture": "#0"},
				"south": {"uv": [4.5, 2.75, 4.75, 4.5], "texture": "#0"},
				"west": {"uv": [4.5, 2.75, 4.75, 4.5], "texture": "#0"},
				"up": {"uv": [4.5, 2.75, 4.75, 3], "texture": "#0"},
				"down": {"uv": [4.5, 4.25, 4.75, 4.5], "texture": "#0"}
			}
		},
		{
			"name": "mx9_23",
			"from": [13, 0, 5.6875],
			"to": [14, 7, 6.6875],
			"rotation": {"angle": 0, "axis": "y", "origin": [8, 6, 9.9375]},
			"faces": {
				"north": {"uv": [7.5, 2.75, 7.25, 4.5], "texture": "#0"},
				"east": {"uv": [7.25, 2.75, 7.5, 4.5], "texture": "#0"},
				"south": {"uv": [7.25, 2.75, 7.5, 4.5], "texture": "#0"},
				"west": {"uv": [7.25, 2.75, 7.5, 4.5], "texture": "#0"},
				"up": {"uv": [7.25, 2.75, 7.5, 3], "texture": "#0"},
				"down": {"uv": [7.25, 4.25, 7.5, 4.5], "texture": "#0"}
			}
		},
		{
			"name": "mx9_24",
			"from": [1, -1, 6.1875],
			"to": [3, 5, 7.1875],
			"rotation": {"angle": 0, "axis": "y", "origin": [8, 6, 9.9375]},
			"faces": {
				"north": {"uv": [0.75, 3.25, 0.25, 4.75], "texture": "#0"},
				"east": {"uv": [0.5, 3.25, 0.75, 4.75], "texture": "#0"},
				"south": {"uv": [8.25, 3.25, 8.75, 4.75], "texture": "#0"},
				"west": {"uv": [0.25, 3.25, 0.5, 4.75], "texture": "#0"},
				"up": {"uv": [0.25, 3.25, 0.75, 3.5], "texture": "#0"},
				"down": {"uv": [0.25, 4.5, 0.75, 4.75], "texture": "#0"}
			}
		},
		{
			"name": "mx9_25",
			"from": [13, -1, 6.1875],
			"to": [15, 5, 7.1875],
			"rotation": {"angle": 0, "axis": "y", "origin": [8, 6, 9.9375]},
			"faces": {
				"north": {"uv": [3.75, 3.25, 3.25, 4.75], "texture": "#0"},
				"east": {"uv": [3.5, 3.25, 3.75, 4.75], "texture": "#0"},
				"south": {"uv": [11.25, 3.25, 11.75, 4.75], "texture": "#0"},
				"west": {"uv": [3.25, 3.25, 3.5, 4.75], "texture": "#0"},
				"up": {"uv": [3.25, 3.25, 3.75, 3.5], "texture": "#0"},
				"down": {"uv": [3.25, 4.5, 3.75, 4.75], "texture": "#0"}
			}
		},
		{
			"name": "mx9_28",
			"from": [7.5, 5, 12.1875],
			"to": [8.5, 9, 14.1875],
			"rotation": {"angle": 0, "axis": "y", "origin": [8, 6, 9.9375]},
			"faces": {
				"north": {"uv": [13, 3.5, 14, 3.75], "rotation": 270, "texture": "#0"},
				"east": {"uv": [14, 3.5, 13, 4], "rotation": 90, "texture": "#0"},
				"south": {"uv": [13, 3.75, 14, 4], "rotation": 270, "texture": "#0"},
				"west": {"uv": [13, 3.5, 14, 4], "rotation": 270, "texture": "#0"},
				"up": {"uv": [13.75, 3.5, 14, 4], "texture": "#0"},
				"down": {"uv": [13, 3.5, 13.25, 4], "rotation": 180, "texture": "#0"}
			}
		},
		{
			"name": "mx9_29",
			"from": [7.5, 4, 13.1875],
			"to": [8.5, 5, 14.1875],
			"rotation": {"angle": 0, "axis": "y", "origin": [8, 6, 9.9375]},
			"faces": {
				"north": {"uv": [12.75, 3.75, 13, 4], "rotation": 270, "texture": "#0"},
				"east": {"uv": [13, 3.75, 12.75, 4], "rotation": 90, "texture": "#0"},
				"south": {"uv": [12.75, 3.75, 13, 4], "rotation": 270, "texture": "#0"},
				"west": {"uv": [12.75, 3.75, 13, 4], "rotation": 270, "texture": "#0"},
				"up": {"uv": [12.75, 3.75, 13, 4], "texture": "#0"},
				"down": {"uv": [12.75, 3.75, 13, 4], "rotation": 180, "texture": "#0"}
			}
		},
		{
			"name": "mx9_30",
			"from": [7.5, 9, 13.1875],
			"to": [8.5, 10, 14.1875],
			"rotation": {"angle": 0, "axis": "y", "origin": [8, 6, 9.9375]},
			"faces": {
				"north": {"uv": [14, 3.75, 14.25, 4], "rotation": 270, "texture": "#0"},
				"east": {"uv": [14.25, 3.75, 14, 4], "rotation": 90, "texture": "#0"},
				"south": {"uv": [14, 3.75, 14.25, 4], "rotation": 270, "texture": "#0"},
				"west": {"uv": [14, 3.75, 14.25, 4], "rotation": 270, "texture": "#0"},
				"up": {"uv": [14, 3.75, 14.25, 4], "texture": "#0"},
				"down": {"uv": [14, 3.75, 14.25, 4], "rotation": 180, "texture": "#0"}
			}
		},
		{
			"name": "mx9_31",
			"from": [3, -1, 5.6875],
			"to": [4, 1, 6.6875],
			"rotation": {"angle": 0, "axis": "y", "origin": [8, 6, 9.9375]},
			"faces": {
				"north": {"uv": [5, 4.25, 4.75, 4.75], "texture": "#0"},
				"east": {"uv": [4.75, 4.25, 5, 4.75], "texture": "#0"},
				"south": {"uv": [4.75, 4.25, 5, 4.75], "texture": "#0"},
				"west": {"uv": [4.75, 4.25, 5, 4.75], "texture": "#0"},
				"up": {"uv": [4.75, 4.25, 5, 4.5], "texture": "#0"},
				"down": {"uv": [4.75, 4.5, 5, 4.75], "texture": "#0"}
			}
		},
		{
			"name": "mx9_32",
			"from": [12, -1, 5.6875],
			"to": [13, 1, 6.6875],
			"rotation": {"angle": 0, "axis": "y", "origin": [8, 6, 9.9375]},
			"faces": {
				"north": {"uv": [7.25, 4.25, 7, 4.75], "texture": "#0"},
				"east": {"uv": [7, 4.25, 7.25, 4.75], "texture": "#0"},
				"south": {"uv": [7, 4.25, 7.25, 4.75], "texture": "#0"},
				"west": {"uv": [7, 4.25, 7.25, 4.75], "texture": "#0"},
				"up": {"uv": [7, 4.25, 7.25, 4.5], "texture": "#0"},
				"down": {"uv": [7, 4.5, 7.25, 4.75], "texture": "#0"}
			}
		},
		{
			"name": "mx9_33",
			"from": [4, -2, 5.6875],
			"to": [6, 0, 6.6875],
			"rotation": {"angle": 0, "axis": "y", "origin": [8, 6, 9.9375]},
			"faces": {
				"north": {"uv": [5.5, 4.5, 5, 5], "texture": "#0"},
				"east": {"uv": [5.25, 4.5, 5.5, 5], "texture": "#0"},
				"south": {"uv": [5, 4.5, 5.5, 5], "texture": "#0"},
				"west": {"uv": [5, 4.5, 5.25, 5], "texture": "#0"},
				"up": {"uv": [5, 4.5, 5.5, 4.75], "texture": "#0"},
				"down": {"uv": [5, 4.75, 5.5, 5], "texture": "#0"}
			}
		},
		{
			"name": "mx9_34",
			"from": [10, -2, 5.6875],
			"to": [12, 0, 6.6875],
			"rotation": {"angle": 0, "axis": "y", "origin": [8, 6, 9.9375]},
			"faces": {
				"north": {"uv": [7, 4.5, 6.5, 5], "texture": "#0"},
				"east": {"uv": [6.75, 4.5, 7, 5], "texture": "#0"},
				"south": {"uv": [6.5, 4.5, 7, 5], "texture": "#0"},
				"west": {"uv": [6.5, 4.5, 6.75, 5], "texture": "#0"},
				"up": {"uv": [6.5, 4.5, 7, 4.75], "texture": "#0"},
				"down": {"uv": [6.5, 4.75, 7, 5], "texture": "#0"}
			}
		},
		{
			"name": "mx9_35",
			"from": [6, -3, 5.6875],
			"to": [7, -1, 6.6875],
			"rotation": {"angle": 0, "axis": "y", "origin": [8, 6, 9.9375]},
			"faces": {
				"north": {"uv": [5.75, 4.75, 5.5, 5.25], "texture": "#0"},
				"east": {"uv": [5.5, 4.75, 5.75, 5.25], "texture": "#0"},
				"south": {"uv": [5.5, 4.75, 5.75, 5.25], "texture": "#0"},
				"west": {"uv": [5.5, 4.75, 5.75, 5.25], "texture": "#0"},
				"up": {"uv": [5.5, 4.75, 5.75, 5], "texture": "#0"},
				"down": {"uv": [5.5, 5, 5.75, 5.25], "texture": "#0"}
			}
		},
		{
			"name": "mx9_36",
			"from": [9, -3, 5.6875],
			"to": [10, -1, 6.6875],
			"rotation": {"angle": 0, "axis": "y", "origin": [8, 6, 9.9375]},
			"faces": {
				"north": {"uv": [6.5, 4.75, 6.25, 5.25], "texture": "#0"},
				"east": {"uv": [6.25, 4.75, 6.5, 5.25], "texture": "#0"},
				"south": {"uv": [6.25, 4.75, 6.5, 5.25], "texture": "#0"},
				"west": {"uv": [6.25, 4.75, 6.5, 5.25], "texture": "#0"},
				"up": {"uv": [6.25, 4.75, 6.5, 5], "texture": "#0"},
				"down": {"uv": [6.25, 5, 6.5, 5.25], "texture": "#0"}
			}
		},
		{
			"name": "mx9_37",
			"from": [4, -3, 6.1875],
			"to": [6, -2, 7.1875],
			"rotation": {"angle": 0, "axis": "y", "origin": [8, 6, 9.9375]},
			"faces": {
				"north": {"uv": [1.5, 5, 1, 5.25], "texture": "#0"},
				"east": {"uv": [1.25, 5, 1.5, 5.25], "texture": "#0"},
				"south": {"uv": [9, 5, 9.5, 5.25], "texture": "#0"},
				"west": {"uv": [1, 5, 1.25, 5.25], "texture": "#0"},
				"up": {"uv": [1, 5, 1.5, 5.25], "texture": "#0"},
				"down": {"uv": [1, 5, 1.5, 5.25], "texture": "#0"}
			}
		},
		{
			"name": "mx9_38",
			"from": [10, -3, 6.1875],
			"to": [12, -2, 7.1875],
			"rotation": {"angle": 0, "axis": "y", "origin": [8, 6, 9.9375]},
			"faces": {
				"north": {"uv": [3, 5, 2.5, 5.25], "texture": "#0"},
				"east": {"uv": [2.75, 5, 3, 5.25], "texture": "#0"},
				"south": {"uv": [10.5, 5, 11, 5.25], "texture": "#0"},
				"west": {"uv": [2.5, 5, 2.75, 5.25], "texture": "#0"},
				"up": {"uv": [2.5, 5, 3, 5.25], "texture": "#0"},
				"down": {"uv": [2.5, 5, 3, 5.25], "texture": "#0"}
			}
		},
		{
			"name": "mx9_39",
			"from": [7, -4, 5.6875],
			"to": [9, -2, 6.6875],
			"rotation": {"angle": 0, "axis": "y", "origin": [8, 6, 9.9375]},
			"faces": {
				"north": {"uv": [6.25, 5, 5.75, 5.5], "texture": "#0"},
				"east": {"uv": [6, 5, 6.25, 5.5], "texture": "#0"},
				"south": {"uv": [5.75, 5, 6.25, 5.5], "texture": "#0"},
				"west": {"uv": [5.75, 5, 6, 5.5], "texture": "#0"},
				"up": {"uv": [5.75, 5, 6.25, 5.25], "texture": "#0"},
				"down": {"uv": [5.75, 5.25, 6.25, 5.5], "texture": "#0"}
			}
		},
		{
			"name": "mx9_42",
			"from": [7, -5, 6.1875],
			"to": [9, -4, 7.1875],
			"rotation": {"angle": 0, "axis": "y", "origin": [8, 6, 9.9375]},
			"faces": {
				"north": {"uv": [2.25, 5.5, 1.75, 5.75], "texture": "#0"},
				"east": {"uv": [2, 5.5, 2.25, 5.75], "texture": "#0"},
				"south": {"uv": [9.75, 5.5, 10.25, 5.75], "texture": "#0"},
				"west": {"uv": [1.75, 5.5, 2, 5.75], "texture": "#0"},
				"up": {"uv": [1.75, 5.5, 2.25, 5.75], "texture": "#0"},
				"down": {"uv": [1.75, 5.5, 2.25, 5.75], "texture": "#0"}
			}
		}
	],
	"gui_light": "front",
	"overrides": [
		{"predicate": {"blocking": 1}, "model": "tfc:item/metal/shield/steel_blocking"}
	],
	"display": {
		"thirdperson_righthand": {
			"rotation": [0, -90, 0],
			"translation": [2.3, -2, 3.5]
		},
		"thirdperson_lefthand": {
			"rotation": [0, -90, 0],
			"translation": [2.3, -2, 3.5]
		},
		"firstperson_righthand": {
			"rotation": [0, -15, -8],
			"translation": [-0.75, -2.5, 0]
		},
		"firstperson_lefthand": {
			"rotation": [0, -15, -8],
			"translation": [-0.75, -2.5, 0]
		},
		"ground": {
			"translation": [0, 4, 0],
			"scale": [0.5, 0.5, 0.5]
		},
		"gui": {
			"rotation": [0, 180, 0],
			"translation": [0.1, 1.25, 0],
			"scale": [0.85, 0.85, 0.9]
		},
		"head": {
			"translation": [0, -23.5, -5.5],
			"scale": [0.25, 0.25, 0.25]
		},
		"fixed": {
			"translation": [0, 0.75, -0.38]
		}
	},
	"groups": [
		{
			"name": "mx9",
			"origin": [8, 8, 8],
			"color": 0,
			"children": [0, 1, 2, 3, 4, 5, 6, 7, 8, 9, 10, 11, 12, 13, 14, 15, 16, 17, 18, 19, 20, 21, 22, 23, 24, 25, 26, 27, 28, 29, 30, 31, 32, 33]
		}
	]
}