{
  "parent": "lightmanscurrency:vending_machine/create/andesite_casing/footless",
  "dummy": true,
  "tooltip_info": {
    "item": true,
    "jade": false,
    "selection": true,
    "tooltip": [
      {
        "translate": "lightmanscurrency.block_variant.modifier",
        "with": [{ "translate": "lightmanscurrency.block_variant.modifier.footless" }]
      },
      { "translate": "lightmanscurrency.block_variant.create.colorful.desc.1" },
      { "translate": "lightmanscurrency.block_variant.create.colorful.desc.2" }
    ]
  }
}