{
  "item": "lightmanscurrency:block/large_vending_machine/create/base/footless/item",
  "dummy": true,
  "models": [
    "lightmanscurrency:block/large_vending_machine/create/base/footless/bottom_left",
	"lightmanscurrency:block/large_vending_machine/create/base/footless/bottom_right",
    "lightmanscurrency:block/large_vending_machine/create/base/footless/top_left",
	"lightmanscurrency:block/large_vending_machine/create/base/footless/top_right"
  ],
  "tooltip_info": {
    "item": true,
    "jade": false,
    "selection": true,
    "tooltip": [
      {
        "translate": "lightmanscurrency.block_variant.modifier",
        "with": [{ "translate": "lightmanscurrency.block_variant.modifier.footless" }]
      }
    ]
  }
}