{
	"credit": "Made with Blockbench",
	"parent": "lightmanscurrency:block/block",
	"render_type": "cutout",
	"texture_size": [32, 32],
	"textures": {
		"1": "lightmanscurrency:block/display_case/create/display_sides",
		"particle": "#0"
	},
	"elements": [
		{
			"name": "base",
			"from": [0, 0.99, 0],
			"to": [16, 2, 16],
			"faces": {
				"north": {"uv": [0, 8, 8, 8.5], "texture": "#0", "cullface": "north"},
				"east": {"uv": [0, 8, 8, 8.5], "texture": "#0", "cullface": "east"},
				"south": {"uv": [0, 8, 8, 8.5], "texture": "#0", "cullface": "south"},
				"west": {"uv": [0, 8, 8, 8.5], "texture": "#0", "cullface": "west"},
				"up": {"uv": [0, 0, 8, 8], "texture": "#0"},
				"down": {"uv": [0, 0, 8, 8], "texture": "#0", "cullface": "down"}
			}
		},
		{
			"name": "inside",
			"from": [-1, -10, 17],
			"to": [17, 1, -1],
			"faces": {
				"north": {"uv": [0, 9, 9, 14.5], "texture": "#0"},
				"east": {"uv": [0, 9, 9, 14.5], "texture": "#0"},
				"south": {"uv": [0, 9, 9, 14.5], "texture": "#0"},
				"west": {"uv": [0, 9, 9, 14.5], "texture": "#0"},
				"up": {"uv": [0, 0, 0.5, 0.5], "texture": "#0"}
			}
		},
		{
			"name": "glass_inside",
			"from": [15.975, 15.975, 15.975],
			"to": [0.025, 1.025, 0.025],
			"faces": {
				"north": {"uv": [0, 15, 16, 0], "texture": "#1"},
				"east": {"uv": [0, 15, 16, 0], "texture": "#1"},
				"south": {"uv": [0, 15, 16, 0], "texture": "#1"},
				"west": {"uv": [0, 15, 16, 0], "texture": "#1"},
				"down": {"uv": [16, 0, 0, 16], "texture": "#1"}
			}
		},
		{
			"name": "glass",
			"from": [0, 1, 0],
			"to": [16, 16, 16],
			"faces": {
				"north": {"uv": [0, 0, 16, 15], "texture": "#1"},
				"east": {"uv": [0, 0, 16, 15], "texture": "#1"},
				"south": {"uv": [0, 0, 16, 15], "texture": "#1"},
				"west": {"uv": [0, 0, 16, 15], "texture": "#1"},
				"up": {"uv": [0, 0, 16, 16], "texture": "#1"}
			}
		},
		{
			"name": "left_collider_south",
			"from": [0, -10, 16],
			"to": [1, 1, 17],
			"faces": {
				"south": {"uv": [0, 9, 0.5, 14.5], "texture": "#0"},
				"up": {"uv": [0, 8.5, 0.5, 9], "rotation": 180, "texture": "#0"}
			}
		},
		{
			"name": "left_collider_east",
			"from": [16, -10, 15],
			"to": [17, 1, 16],
			"faces": {
				"east": {"uv": [0, 9, 0.5, 14.5], "texture": "#0"},
				"up": {"uv": [0, 8.5, 0.5, 9], "rotation": 90, "texture": "#0"}
			}
		},
		{
			"name": "left_collider_north",
			"from": [15, -10, -1],
			"to": [16, 1, 0],
			"faces": {
				"north": {"uv": [0, 9, 0.5, 14.5], "texture": "#0"},
				"up": {"uv": [0, 8.5, 0.5, 9], "texture": "#0"}
			}
		},
		{
			"name": "left_collider_west",
			"from": [-1, -10, 0],
			"to": [0, 1, 1],
			"faces": {
				"west": {"uv": [0, 9, 0.5, 14.5], "texture": "#0"},
				"up": {"uv": [0, 8.5, 0.5, 9], "rotation": 270, "texture": "#0"}
			}
		},
		{
			"name": "south",
			"from": [1, -10, 16],
			"to": [15, 1, 17],
			"faces": {
				"south": {"uv": [0.5, 9, 7.5, 14.5], "texture": "#0", "cullface": "west"},
				"up": {"uv": [0.5, 8.5, 7.5, 9], "texture": "#0", "cullface": "west"}
			}
		},
		{
			"name": "east",
			"from": [16, -10, 1],
			"to": [17, 1, 15],
			"faces": {
				"east": {"uv": [0.5, 9, 7.5, 14.5], "texture": "#0", "cullface": "west"},
				"up": {"uv": [0.5, 8.5, 7.5, 9], "rotation": 270, "texture": "#0", "cullface": "west"}
			}
		},
		{
			"name": "north",
			"from": [1, -10, -1],
			"to": [15, 1, 0],
			"faces": {
				"north": {"uv": [0.5, 9, 7.5, 14.5], "texture": "#0", "cullface": "west"},
				"up": {"uv": [0.5, 8.5, 7.5, 9], "rotation": 180, "texture": "#0", "cullface": "west"}
			}
		},
		{
			"name": "west",
			"from": [-1, -10, 1],
			"to": [0, 1, 15],
			"faces": {
				"west": {"uv": [0.5, 9, 7.5, 14.5], "texture": "#0", "cullface": "west"},
				"up": {"uv": [0.5, 8.5, 7.5, 9], "rotation": 90, "texture": "#0", "cullface": "west"}
			}
		},
		{
			"name": "southeast_collider",
			"from": [16, -10, 16],
			"to": [17, 1, 17],
			"faces": {
				"east": {"uv": [9.5, 9, 10, 14.5], "texture": "#0"},
				"south": {"uv": [9, 9, 9.5, 14.5], "texture": "#0"},
				"up": {"uv": [9.5, 8.5, 10, 9], "rotation": 180, "texture": "#0"}
			}
		},
		{
			"name": "northeast_collider",
			"from": [16, -10, -1],
			"to": [17, 1, 0],
			"faces": {
				"north": {"uv": [9.5, 9, 10, 14.5], "texture": "#0"},
				"east": {"uv": [9, 9, 9.5, 14.5], "texture": "#0"},
				"up": {"uv": [9.5, 8.5, 10, 9], "rotation": 90, "texture": "#0"}
			}
		},
		{
			"name": "northwest_collider",
			"from": [-1, -10, -1],
			"to": [0, 1, 0],
			"faces": {
				"north": {"uv": [9, 9, 9.5, 14.5], "texture": "#0"},
				"west": {"uv": [9.5, 9, 10, 14.5], "texture": "#0"},
				"up": {"uv": [9.5, 8.5, 10, 9], "texture": "#0"}
			}
		},
		{
			"name": "southwest_collider",
			"from": [-1, -10, 16],
			"to": [0, 1, 17],
			"faces": {
				"south": {"uv": [9.5, 9, 10, 14.5], "texture": "#0"},
				"west": {"uv": [9, 9, 9.5, 14.5], "texture": "#0"},
				"up": {"uv": [9.5, 8.5, 10, 9], "rotation": 270, "texture": "#0"}
			}
		},
		{
			"name": "right_collider_west",
			"from": [-1, -10, 15],
			"to": [0, 1, 16],
			"faces": {
				"west": {"uv": [7.5, 9, 8, 14.5], "texture": "#0"},
				"up": {"uv": [7.5, 8.5, 8, 9], "texture": "#0"}
			}
		},
		{
			"name": "right_collider_north",
			"from": [0, -10, -1],
			"to": [1, 1, 0],
			"faces": {
				"north": {"uv": [7.5, 9, 8, 14.5], "texture": "#0"},
				"up": {"uv": [7.5, 8.5, 8, 9], "rotation": 90, "texture": "#0"}
			}
		},
		{
			"name": "right_collider_east",
			"from": [16, -10, 0],
			"to": [17, 1, 1],
			"faces": {
				"east": {"uv": [7.5, 9, 8, 14.5], "texture": "#0"},
				"up": {"uv": [7.5, 8.5, 8, 9], "rotation": 180, "texture": "#0"}
			}
		},
		{
			"name": "right_collider_south",
			"from": [15, -10, 16],
			"to": [16, 1, 17],
			"faces": {
				"south": {"uv": [7.5, 9, 8, 14.5], "texture": "#0"},
				"up": {"uv": [7.5, 8.5, 8, 9], "rotation": 270, "texture": "#0"}
			}
		},
		{
			"name": "labelnorth",
			"from": [4, -6.75, -1.25],
			"to": [12, 1.25, 0.75],
			"faces": {
				"north": {"uv": [8.5, 1.5, 12.5, 5.5], "texture": "#0"},
				"up": {"uv": [8.5, 0.5, 12.5, 1.5], "rotation": 180, "texture": "#0"}
			}
		},
		{
			"name": "labelsouth",
			"from": [4, -6.75, 15.25],
			"to": [12, 1.25, 17.25],
			"faces": {
				"south": {"uv": [8.5, 1.5, 12.5, 5.5], "texture": "#0"},
				"up": {"uv": [8.5, 0.5, 12.5, 1.5], "texture": "#0"}
			}
		},
		{
			"name": "labeleast",
			"from": [15.25, -6.75, 4],
			"to": [17.25, 1.25, 12],
			"faces": {
				"east": {"uv": [8.5, 1.5, 12.5, 5.5], "texture": "#0"},
				"up": {"uv": [8.5, 0.5, 12.5, 1.5], "rotation": 270, "texture": "#0"}
			}
		},
		{
			"name": "labelwest",
			"from": [-1.25, -6.75, 4],
			"to": [0.75, 1.25, 12],
			"faces": {
				"west": {"uv": [8.5, 1.5, 12.5, 5.5], "texture": "#0"},
				"up": {"uv": [8.5, 0.5, 12.5, 1.5], "rotation": 90, "texture": "#0"}
			}
		}
	],
	"display": {
		"thirdperson_righthand": {
			"rotation": [75, 45, 0],
			"translation": [0, 2.5, 3.25],
			"scale": [0.375, 0.375, 0.375]
		},
		"thirdperson_lefthand": {
			"rotation": [75, 45, 0],
			"translation": [0, 2.5, 3.5],
			"scale": [0.375, 0.375, 0.375]
		},
		"firstperson_righthand": {
			"rotation": [0, 45, 0],
			"translation": [0, 3.25, 0],
			"scale": [0.4, 0.4, 0.4]
		},
		"firstperson_lefthand": {
			"rotation": [0, 45, 0],
			"translation": [0, 3.25, 0],
			"scale": [0.4, 0.4, 0.4]
		},
		"ground": {
			"translation": [0, 3.5, 0],
			"scale": [0.25, 0.25, 0.25]
		},
		"gui": {
			"rotation": [30, 225, 0],
			"translation": [0, 2, 0],
			"scale": [0.45, 0.45, 0.45]
		},
		"fixed": {
			"rotation": [270, 0, 0],
			"translation": [0, 0, -6],
			"scale": [0.5, 0.5, 0.5]
		}
	},
	"groups": [
		0,
		1,
		2,
		3,
		{
			"name": "sides",
			"origin": [-2, 2, 0],
			"color": 0,
			"children": [4, 5, 6, 7, 8, 9, 10, 11, 12, 13, 14, 15, 16, 17, 18, 19]
		},
		{
			"name": "labels",
			"origin": [8, 8, 8],
			"color": 0,
			"children": [20, 21, 22, 23]
		}
	]
}