{
	"credit": "Made with Blockbench",
	"parent": "lightmanscurrency:block/block1_2",
	"render_type": "cutout",
	"texture_size": [64, 64],
	"textures": {
		"particle": "#main"
	},
	"elements": [
		{
			"name": "front_panel",
			"from": [2, 0, 9],
			"to": [14, 16, 13],
			"faces": {
				"north": {"uv": [3.25, 4, 6.25, 8], "texture": "#main"},
				"east": {"uv": [2.75, 4, 3, 8], "texture": "#main"},
				"south": {"uv": [0, 4, 3, 8], "texture": "#main"},
				"west": {"uv": [0, 4, 0.25, 8], "texture": "#main"},
				"down": {"uv": [3, 7.75, 0, 8], "texture": "#main"}
			}
		},
		{
			"name": "ticket_slot",
			"from": [6, 13, 13],
			"to": [10, 14, 12],
			"faces": {
				"east": {"uv": [2, 4.5, 2.25, 4.75], "texture": "#main"},
				"west": {"uv": [0.75, 4.5, 1, 4.75], "texture": "#main"},
				"up": {"uv": [1, 4.25, 2, 4.5], "texture": "#main"},
				"down": {"uv": [2, 4.75, 1, 5], "texture": "#main"}
			}
		},
		{
			"name": "back_panel",
			"from": [1, 0, 10],
			"to": [15, 16, 12],
			"faces": {
				"north": {"uv": [12.5, 4, 16, 8], "texture": "#main"},
				"east": {"uv": [12, 4, 12.5, 8], "texture": "#main"},
				"south": {"uv": [3, 4, 6.5, 8], "texture": "#main"},
				"west": {"uv": [11.5, 4, 12, 8], "texture": "#main"},
				"down": {"uv": [6.5, 7.75, 3, 8], "texture": "#main"}
			}
		},
		{
			"name": "ticket_box",
			"from": [3, 0, 3],
			"to": [13, 8, 9],
			"faces": {
				"north": {"uv": [6.5, 3, 9, 5], "texture": "#main"},
				"east": {"uv": [6.5, 5, 8, 7], "texture": "#main"},
				"west": {"uv": [8, 5, 9.5, 7], "texture": "#main"},
				"up": {"uv": [8.75, 9.75, 6.25, 8.25], "texture": "#main"},
				"down": {"uv": [9, 1.5, 6.5, 3], "texture": "#main"}
			}
		},
		{
			"name": "back_vent3",
			"from": [4, 10.97697, 8.1209],
			"to": [12, 13.97697, 11.1209],
			"faces": {
				"east": {"uv": [5.5, 8.25, 6.25, 9], "rotation": 270, "texture": "#main"},
				"west": {"uv": [5.5, 9, 6.25, 9.75], "rotation": 90, "texture": "#main"},
				"down": {"uv": [3.5, 8.25, 5.5, 9], "rotation": 180, "texture": "#main"}
			}
		},
		{
			"name": "back_vent2",
			"from": [4, 4.54463, 9.54262],
			"to": [12, 7.54463, 12.54262],
			"rotation": {"angle": -45, "axis": "x", "origin": [4, 7.54463, -4.45738]},
			"faces": {
				"east": {"uv": [5.5, 8.25, 6.25, 9], "rotation": 270, "texture": "#main"},
				"west": {"uv": [5.5, 9, 6.25, 9.75], "rotation": 90, "texture": "#main"},
				"up": {"uv": [3.5, 8.25, 5.5, 9], "rotation": 180, "texture": "#main"}
			}
		},
		{
			"name": "back_vent1",
			"from": [4, 6, 11.1],
			"to": [12, 13, 14.1],
			"rotation": {"angle": -22.5, "axis": "x", "origin": [0, 1, -2.9]},
			"faces": {
				"north": {"uv": [0, 8.25, 2, 10], "texture": "#main"},
				"east": {"uv": [2.75, 8.25, 3.5, 10], "texture": "#main"},
				"west": {"uv": [2, 8.25, 2.75, 10], "texture": "#main"},
				"down": {"uv": [0, 10, 2, 10.75], "texture": "#main"}
			}
		}
	]
}