{
	"credit": "Made with Blockbench",
	"parent": "lightmanscurrency:block/block1_2",
	"render_type": "cutout",
	"texture_size": [64, 64],
	"textures": {
		"particle": "#main"
	},
	"elements": [
		{
			"name": "screen",
			"from": [12.01, 2.625, 16.75],
			"to": [3.99, 9.835, 17.242],
			"rotation": {"angle": -22.5, "axis": "x", "origin": [25, -12.42443, 6.28148]},
			"faces": {
				"north": {"uv": [9.5, 0, 11.5, 1.75], "texture": "#main"},
				"east": {"uv": [2.5, 0.75, 2.75, 2.5], "texture": "#main"},
				"west": {"uv": [0.25, 0.75, 0.5, 2.5], "texture": "#main"},
				"up": {"uv": [2.5, 0.75, 0.5, 0.5], "texture": "#main"},
				"down": {"uv": [0.5, 2.5, 2.5, 2.75], "texture": "#main"}
			}
		},
		{
			"name": "front_panel",
			"from": [2, -3.52443, 13.38148],
			"to": [14, 11.87557, 17.28148],
			"rotation": {"angle": -22.5, "axis": "x", "origin": [1, -12.52443, 6.28148]},
			"faces": {
				"north": {"uv": [3.25, 0.25, 6.25, 4], "texture": "#main"},
				"east": {"uv": [2.75, 0.25, 3, 4], "texture": "#main"},
				"south": {"uv": [0, 0.25, 3, 4], "texture": "#main"},
				"west": {"uv": [0, 0.25, 0.25, 4], "texture": "#main"},
				"up": {"uv": [3, 0.25, 0, 0], "texture": "#main"}
			}
		},
		{
			"name": "back_panel",
			"from": [1, -2.95041, 14.1673],
			"to": [15, 13.04959, 16.1673],
			"rotation": {"angle": -22.5, "axis": "x", "origin": [1, -11.95041, 6.6673]},
			"faces": {
				"north": {"uv": [12.5, 0, 16, 4], "texture": "#main"},
				"east": {"uv": [12, 0, 12.5, 4], "texture": "#main"},
				"south": {"uv": [3, 0, 6.5, 4], "texture": "#main"},
				"west": {"uv": [11.5, 0, 12, 4], "texture": "#main"},
				"up": {"uv": [10, 7.5, 6.5, 7], "texture": "#main"}
			}
		},
		{
			"name": "Slot-Left",
			"from": [10, 1.05813, 12.29225],
			"to": [11, 3.15813, 13.29225],
			"rotation": {"angle": -22.5, "axis": "x", "origin": [11.5, 1.80813, 12.79225]},
			"faces": {
				"east": {"uv": [2, 3.25, 2.25, 3.75], "texture": "#main"},
				"south": {"uv": [2, 3.25, 2.25, 3.75], "texture": "#main"},
				"west": {"uv": [2, 3.25, 2.25, 3.75], "texture": "#main"},
				"up": {"uv": [2, 3.25, 2.25, 3.5], "texture": "#main"},
				"down": {"uv": [2, 3.5, 2.25, 3.75], "texture": "#main"}
			}
		},
		{
			"name": "Slot-Down",
			"from": [11, 1.05813, 12.29225],
			"to": [12, 2.15813, 13.29225],
			"rotation": {"angle": -22.5, "axis": "x", "origin": [11.5, 1.80813, 12.79225]},
			"faces": {
				"south": {"uv": [2.25, 3.5, 2.5, 3.75], "texture": "#main"},
				"up": {"uv": [2.25, 3.5, 2.5, 3.75], "texture": "#main"},
				"down": {"uv": [2.25, 3.5, 2.5, 3.75], "texture": "#main"}
			}
		},
		{
			"name": "Slot-Right",
			"from": [12, 1.05813, 12.29225],
			"to": [13, 3.15813, 13.29225],
			"rotation": {"angle": -22.5, "axis": "x", "origin": [11.5, 1.80813, 12.79225]},
			"faces": {
				"east": {"uv": [2.5, 3.25, 2.75, 3.75], "texture": "#main"},
				"south": {"uv": [2.5, 3.25, 2.75, 3.75], "texture": "#main"},
				"west": {"uv": [2.5, 3.25, 2.75, 3.75], "texture": "#main"},
				"up": {"uv": [2.5, 3.25, 2.75, 3.5], "texture": "#main"},
				"down": {"uv": [2.5, 3.5, 2.75, 3.75], "texture": "#main"}
			}
		}
	],
	"groups": [
		0,
		1,
		2,
		{
			"name": "Slot",
			"origin": [8, 8, 8],
			"color": 0,
			"children": [3, 4, 5]
		}
	]
}