{
	"credit": "Made with Blockbench",
	"render_type": "cutout",
	"texture_size": [64, 64],
	"textures": { 
		"particle": "#exterior",
		"interior": "lightmanscurrency:block/large_vending_machine/create/interior"
	},
	"elements": [
		{
			"name": "Base",
			"from": [0, 2, 0],
			"to": [16, 16, 16],
			"faces": {
				"north": {"uv": [0, 4, 4, 7.5], "texture": "#exterior"},
				"east": {"uv": [8, 12, 12, 15.5], "texture": "#exterior"},
				"south": {"uv": [4, 12, 8, 15.5], "texture": "#exterior"},
				"down": {"uv": [12, 4, 16, 8], "texture": "#exterior"}
			}
		},
		{
			"name": "Base-Inside",
			"neoforge_data": {"block_light": 10, "ambient_occlusion": false},
			"from": [12, 8, 1],
			"to": [0, 16, 16],
			"faces": {
				"north": {"uv": [3.75, 3.5, 6.75, 5.5], "texture": "#interior"},
				"west": {"uv": [6.75, 3.5, 10.5, 5.5], "texture": "#interior"},
				"down": {"uv": [0, 9.25, 3, 13], "texture": "#interior"}
			}
		},
		{
			"name": "Glass-Depth",
			"neoforge_data": {"block_light": 5},
			"from": [0, 8.99, 16],
			"to": [11.01, 16, 15],
			"faces": {
				"east": {"uv": [6.75, 12, 7, 13.75], "texture": "#exterior"},
				"down": {"uv": [4, 13.75, 6.75, 14], "texture": "#exterior"}
			}
		},
		{
			"name": "Output",
			"neoforge_data": {"block_light": 10, "ambient_occlusion": false},
			"from": [8.01, 4.99, 12.99],
			"to": [0, 8, 16],
			"faces": {
				"north": {"uv": [9.5, 10.75, 11.5, 11.5], "texture": "#interior"},
				"west": {"uv": [11.5, 11.5, 12.25, 12.25], "texture": "#interior"},
				"up": {"uv": [11.5, 13, 9.5, 12.25], "texture": "#interior"},
				"down": {"uv": [11.5, 11.5, 9.5, 12.25], "texture": "#interior"}
			}
		},
		{
			"name": "Shelf-1",
			"neoforge_data": {"block_light": 10, "ambient_occlusion": false},
			"from": [0, 10, 1],
			"to": [12, 11, 11],
			"faces": {
				"south": {"uv": [10.5, 10.5, 13.5, 10.75], "texture": "#interior"},
				"up": {"uv": [10.5, 8, 13.5, 10.5], "texture": "#interior"},
				"down": {"uv": [10.5, 5.5, 13.5, 8], "texture": "#interior"}
			}
		},
		{
			"name": "Leg-4",
			"from": [13, 0, 1],
			"to": [15, 2, 3],
			"faces": {
				"north": {"uv": [8, 15.5, 8.5, 16], "texture": "#exterior"},
				"east": {"uv": [9, 15.5, 9.5, 16], "texture": "#exterior"},
				"south": {"uv": [8.5, 15.5, 9, 16], "texture": "#exterior"},
				"west": {"uv": [9.5, 15.5, 10, 16], "texture": "#exterior"},
				"down": {"uv": [7.5, 15.5, 8, 16], "texture": "#exterior"}
			}
		},
		{
			"name": "Leg-2",
			"from": [13, 0, 13],
			"to": [15, 2, 15],
			"faces": {
				"north": {"uv": [3, 15.5, 3.5, 16], "texture": "#exterior"},
				"east": {"uv": [4, 15.5, 4.5, 16], "texture": "#exterior"},
				"south": {"uv": [3.5, 15.5, 4, 16], "texture": "#exterior"},
				"west": {"uv": [4.5, 15.5, 5, 16], "texture": "#exterior"},
				"down": {"uv": [2.5, 15.5, 3, 16], "texture": "#exterior"}
			}
		},
		{
			"name": "Mount-3",
			"neoforge_data": {"block_light": 10, "ambient_occlusion": false},
			"from": [2, 15, 1],
			"to": [3, 16, 11],
			"faces": {
				"east": {"uv": [0.5, 13.5, 3, 13.75], "texture": "#interior"},
				"south": {"uv": [0.5, 14, 0.75, 14.25], "texture": "#interior"},
				"west": {"uv": [0.5, 13.75, 3, 14], "texture": "#interior"},
				"up": {"uv": [0, 13.5, 0.25, 16], "texture": "#interior"},
				"down": {"uv": [0.25, 13.5, 0.5, 16], "texture": "#interior"}
			}
		},
		{
			"name": "Mount-4",
			"neoforge_data": {"block_light": 10, "ambient_occlusion": false},
			"from": [9, 15, 1],
			"to": [10, 16, 11],
			"faces": {
				"east": {"uv": [0.5, 13.5, 3, 13.75], "texture": "#interior"},
				"south": {"uv": [0.5, 14, 0.75, 14.25], "texture": "#interior"},
				"west": {"uv": [0.5, 13.75, 3, 14], "texture": "#interior"},
				"up": {"uv": [0, 13.5, 0.25, 16], "texture": "#interior"},
				"down": {"uv": [0.25, 13.5, 0.5, 16], "texture": "#interior"}
			}
		},
		{
			"name": "Slot-Left",
			"from": [12, 12, 16],
			"to": [13, 14, 17],
			"faces": {
				"east": {"uv": [7, 12.5, 7.25, 13], "texture": "#exterior"},
				"south": {"uv": [7, 12.5, 7.25, 13], "texture": "#exterior"},
				"west": {"uv": [7, 12.5, 7.25, 13], "texture": "#exterior"},
				"up": {"uv": [7, 12.5, 7.25, 12.75], "texture": "#exterior"},
				"down": {"uv": [7, 12.75, 7.25, 13], "texture": "#exterior"}
			}
		},
		{
			"name": "Slot-Right",
			"from": [14, 12, 16],
			"to": [15, 14, 17],
			"faces": {
				"east": {"uv": [7.5, 12.5, 7.75, 13], "texture": "#exterior"},
				"south": {"uv": [7.5, 12.5, 7.75, 13], "texture": "#exterior"},
				"west": {"uv": [7.5, 12.5, 7.75, 13], "texture": "#exterior"},
				"up": {"uv": [7.5, 12.5, 7.75, 12.75], "texture": "#exterior"},
				"down": {"uv": [7.5, 12.75, 7.75, 13], "texture": "#exterior"}
			}
		},
		{
			"name": "Slot-Down",
			"from": [13, 12, 16],
			"to": [14, 13, 17],
			"faces": {
				"south": {"uv": [7.25, 12.75, 7.5, 13], "texture": "#exterior"},
				"up": {"uv": [7.25, 12.75, 7.5, 13], "texture": "#exterior"},
				"down": {"uv": [7.25, 12.75, 7.5, 13], "texture": "#exterior"}
			}
		}
	],
	"groups": [
		0,
		1,
		2,
		3,
		4,
		5,
		6,
		7,
		8,
		{
			"name": "Slot",
			"origin": [0, 0, 0],
			"color": 0,
			"children": [9, 10, 11]
		}
	]
}