{
	"credit": "Made with Blockbench",
	"render_type": "cutout",
	"texture_size": [64, 64],
	"textures": { 
		"particle": "#exterior",
		"interior": "lightmanscurrency:block/large_vending_machine/create/interior"
	},
	"elements": [
		{
			"name": "Base",
			"from": [0, 0, 0],
			"to": [16, 16, 16],
			"faces": {
				"north": {"uv": [4, 0, 8, 4], "texture": "#exterior"},
				"south": {"uv": [0, 8, 4, 12], "texture": "#exterior"},
				"west": {"uv": [12, 8, 16, 12], "texture": "#exterior"},
				"up": {"uv": [8, 0, 12, 4], "texture": "#exterior"}
			}
		},
		{
			"name": "Base-Inside",
			"neoforge_data": {"block_light": 10, "ambient_occlusion": false},
			"from": [16, 0, 1],
			"to": [1, 14, 16],
			"faces": {
				"north": {"uv": [0, 0, 3.75, 3.5], "texture": "#interior"},
				"east": {"uv": [10.5, 0, 14.25, 3.5], "texture": "#interior"},
				"up": {"uv": [3, 5.5, 6.75, 9.25], "texture": "#interior"}
			}
		},
		{
			"name": "Glass-Depth",
			"neoforge_data": {"block_light": 5},
			"from": [1.99, 0, 16],
			"to": [16, 13.01, 15],
			"faces": {
				"west": {"uv": [0.25, 8.75, 0.5, 12], "texture": "#exterior"},
				"up": {"uv": [0.5, 8.5, 4, 8.75], "texture": "#exterior"}
			}
		},
		{
			"name": "Shelf-2",
			"neoforge_data": {"block_light": 10, "ambient_occlusion": false},
			"from": [1, 1, 1],
			"to": [16, 2, 11],
			"faces": {
				"south": {"uv": [6.75, 10.5, 10.5, 10.75], "texture": "#interior"},
				"up": {"uv": [6.75, 8, 10.5, 10.5], "texture": "#interior"},
				"down": {"uv": [6.75, 5.5, 10.5, 8], "texture": "#interior"}
			}
		},
		{
			"name": "Shelf-3",
			"neoforge_data": {"block_light": 10, "ambient_occlusion": false},
			"from": [1, 8, 1],
			"to": [16, 9, 11],
			"faces": {
				"south": {"uv": [6.75, 10.5, 10.5, 10.75], "texture": "#interior"},
				"up": {"uv": [6.75, 8, 10.5, 10.5], "texture": "#interior"},
				"down": {"uv": [6.75, 5.5, 10.5, 8], "texture": "#interior"}
			}
		},
		{
			"name": "Mount-5",
			"neoforge_data": {"block_light": 10, "ambient_occlusion": false},
			"from": [3, 6, 1],
			"to": [4, 7, 11],
			"faces": {
				"east": {"uv": [0.5, 13.5, 3, 13.75], "texture": "#interior"},
				"south": {"uv": [0.5, 14, 0.75, 14.25], "texture": "#interior"},
				"west": {"uv": [0.5, 13.75, 3, 14], "texture": "#interior"},
				"up": {"uv": [0, 13.5, 0.25, 16], "texture": "#interior"},
				"down": {"uv": [0.25, 13.5, 0.5, 16], "texture": "#interior"}
			}
		},
		{
			"name": "Mount-6",
			"neoforge_data": {"block_light": 10, "ambient_occlusion": false},
			"from": [10, 6, 1],
			"to": [11, 7, 11],
			"faces": {
				"east": {"uv": [0.5, 13.5, 3, 13.75], "texture": "#interior"},
				"south": {"uv": [0.5, 14, 0.75, 14.25], "texture": "#interior"},
				"west": {"uv": [0.5, 13.75, 3, 14], "texture": "#interior"},
				"up": {"uv": [0, 13.5, 0.25, 16], "texture": "#interior"},
				"down": {"uv": [0.25, 13.5, 0.5, 16], "texture": "#interior"}
			}
		},
		{
			"name": "Mount-9",
			"neoforge_data": {"block_light": 10, "ambient_occlusion": false},
			"from": [3, 13, 1],
			"to": [4, 14, 11],
			"faces": {
				"east": {"uv": [0.5, 13.5, 3, 13.75], "texture": "#interior"},
				"south": {"uv": [0.5, 14, 0.75, 14.25], "texture": "#interior"},
				"west": {"uv": [0.5, 13.75, 3, 14], "texture": "#interior"},
				"up": {"uv": [0, 13.5, 0.25, 16], "texture": "#interior"},
				"down": {"uv": [0.25, 13.5, 0.5, 16], "texture": "#interior"}
			}
		},
		{
			"name": "Mount-10",
			"neoforge_data": {"block_light": 10, "ambient_occlusion": false},
			"from": [10, 13, 1],
			"to": [11, 14, 11],
			"faces": {
				"east": {"uv": [0.5, 13.5, 3, 13.75], "texture": "#interior"},
				"south": {"uv": [0.5, 14, 0.75, 14.25], "texture": "#interior"},
				"west": {"uv": [0.5, 13.75, 3, 14], "texture": "#interior"},
				"up": {"uv": [0, 13.5, 0.25, 16], "texture": "#interior"},
				"down": {"uv": [0.25, 13.5, 0.5, 16], "texture": "#interior"}
			}
		}
	],
	"groups": [
		0,
		1,
		2,
		3,
		4,
		{
			"name": "Mount",
			"origin": [0, 0, 0],
			"color": 0,
			"children": [5, 6, 7, 8]
		}
	]
}