{
	"credit": "Made with Blockbench",
	"render_type": "cutout",
	"texture_size": [64, 64],
	"textures": {
		"particle": "#exterior",
		"keyboard": "lightmanscurrency:block/large_vending_machine/create/machine_keyboard",
		"interior": "lightmanscurrency:block/large_vending_machine/create/interior"
	},
	"elements": [
		{
			"name": "Base",
			"from": [0, 0, 0],
			"to": [16, 16, 16],
			"faces": {
				"north": {"uv": [0, 0, 4, 4], "texture": "#exterior"},
				"east": {"uv": [8, 8, 12, 12], "texture": "#exterior"},
				"south": {"uv": [4, 8, 8, 12], "texture": "#exterior"},
				"up": {"uv": [12, 0, 16, 4], "texture": "#exterior"}
			}
		},
		{
			"name": "Base-Inside",
			"neoforge_data": {"block_light": 10, "ambient_occlusion": false},
			"from": [12, 0, 1],
			"to": [0, 14, 16],
			"faces": {
				"north": {"uv": [3.75, 0, 6.75, 3.5], "texture": "#interior"},
				"west": {"uv": [6.75, 0, 10.5, 3.5], "texture": "#interior"},
				"up": {"uv": [0, 5.5, 3, 9.25], "texture": "#interior"}
			}
		},
		{
			"name": "Glass-Depth",
			"neoforge_data": {"block_light": 5},
			"from": [0, 0, 16],
			"to": [11.01, 13.01, 15],
			"faces": {
				"east": {"uv": [6.75, 8.75, 7, 12], "texture": "#exterior"},
				"up": {"uv": [4, 8.5, 6.75, 8.75], "texture": "#exterior"}
			}
		},
		{
			"name": "Keyboard",
			"shade": false,
			"neoforge_data": {"block_light": 10, "ambient_occlusion": false},
			"from": [12.99, 4.99, 16],
			"to": [15.01, 8.01, 15.5],
			"faces": {
				"east": {"uv": [7.75, 10, 8, 10.75], "texture": "#exterior"},
				"south": {"uv": [0, 0, 8, 12], "texture": "#keyboard", "neoforge_data": {"block_light": 15, "ambient_occlusion": false}},
				"west": {"uv": [7, 10, 7.25, 10.75], "texture": "#exterior"},
				"up": {"uv": [7.25, 9.75, 7.75, 10], "texture": "#exterior"},
				"down": {"uv": [7.25, 10.75, 7.75, 11], "texture": "#exterior"}
			}
		},
		{
			"name": "Shelf-2",
			"neoforge_data": {"block_light": 10, "ambient_occlusion": false},
			"from": [0, 1, 1],
			"to": [12, 2, 11],
			"faces": {
				"south": {"uv": [10.5, 10.5, 13.5, 10.75], "texture": "#interior"},
				"up": {"uv": [10.5, 8, 13.5, 10.5], "texture": "#interior"},
				"down": {"uv": [10.5, 5.5, 13.5, 8], "texture": "#interior"}
			}
		},
		{
			"name": "Shelf-3",
			"neoforge_data": {"block_light": 10, "ambient_occlusion": false},
			"from": [0, 8, 1],
			"to": [12, 9, 11],
			"faces": {
				"south": {"uv": [10.5, 10.5, 13.5, 10.75], "texture": "#interior"},
				"up": {"uv": [10.5, 8, 13.5, 10.5], "texture": "#interior"},
				"down": {"uv": [10.5, 5.5, 13.5, 8], "texture": "#interior"}
			}
		},
		{
			"name": "Mount-7",
			"neoforge_data": {"block_light": 10, "ambient_occlusion": false},
			"from": [2, 6, 1],
			"to": [3, 7, 11],
			"faces": {
				"east": {"uv": [0.5, 13.5, 3, 13.75], "texture": "#interior"},
				"south": {"uv": [0.5, 14, 0.75, 14.25], "texture": "#interior"},
				"west": {"uv": [0.5, 13.75, 3, 14], "texture": "#interior"},
				"up": {"uv": [0, 13.5, 0.25, 16], "texture": "#interior"},
				"down": {"uv": [0.25, 13.5, 0.5, 16], "texture": "#interior"}
			}
		},
		{
			"name": "Mount-8",
			"neoforge_data": {"block_light": 10, "ambient_occlusion": false},
			"from": [9, 6, 1],
			"to": [10, 7, 11],
			"faces": {
				"east": {"uv": [0.5, 13.5, 3, 13.75], "texture": "#interior"},
				"south": {"uv": [0.5, 14, 0.75, 14.25], "texture": "#interior"},
				"west": {"uv": [0.5, 13.75, 3, 14], "texture": "#interior"},
				"up": {"uv": [0, 13.5, 0.25, 16], "texture": "#interior"},
				"down": {"uv": [0.25, 13.5, 0.5, 16], "texture": "#interior"}
			}
		},
		{
			"name": "Mount-11",
			"neoforge_data": {"block_light": 10, "ambient_occlusion": false},
			"from": [2, 13, 1],
			"to": [3, 14, 11],
			"faces": {
				"east": {"uv": [0.5, 13.5, 3, 13.75], "texture": "#interior"},
				"south": {"uv": [0.5, 14, 0.75, 14.25], "texture": "#interior"},
				"west": {"uv": [0.5, 13.75, 3, 14], "texture": "#interior"},
				"up": {"uv": [0, 13.5, 0.25, 16], "texture": "#interior"},
				"down": {"uv": [0.25, 13.5, 0.5, 16], "texture": "#interior"}
			}
		},
		{
			"name": "Mount-12",
			"neoforge_data": {"block_light": 10, "ambient_occlusion": false},
			"from": [9, 13, 1],
			"to": [10, 14, 11],
			"faces": {
				"east": {"uv": [0.5, 13.5, 3, 13.75], "texture": "#interior"},
				"south": {"uv": [0.5, 14, 0.75, 14.25], "texture": "#interior"},
				"west": {"uv": [0.5, 13.75, 3, 14], "texture": "#interior"},
				"up": {"uv": [0, 13.5, 0.25, 16], "texture": "#interior"},
				"down": {"uv": [0.25, 13.5, 0.5, 16], "texture": "#interior"}
			}
		}
	],
	"groups": [
		0,
		1,
		2,
		3,
		4,
		5,
		{
			"name": "Mount",
			"origin": [1, 0, 0],
			"color": 0,
			"children": [6, 7, 8, 9]
		}
	]
}