{
  "parent": "lightmanscurrency:large_vending_machine/create/andesite_casing/footless_color",
  "textures": {
    "exterior": "lightmanscurrency:block/large_vending_machine/create/footless/andesite_casing_light_blue_exterior"
  },
  "name": {
    "translate": "lightmanscurrency.block_variant.create",
    "with": [
      {
        "translate": "lightmanscurrency.block_variant.create.andesite_casing_colorful"
      }
    ]
  },
  "target": [
    "lightmanscurrency:vending_machine_large_light_blue"
  ]
}