{
  "item": "lightmanscurrency:block/auction_stand/create/glassless",
  "dummy": true,
  "models": [
    "lightmanscurrency:block/auction_stand/create/glassless"
  ],
  "targetSelector": "*auction_stand*",
  "tooltip_info": {
    "item": true,
    "jade": false,
    "selection": true,
    "tooltip": [
      {
        "translate": "lightmanscurrency.block_variant.modifier",
        "with": [{ "translate": "lightmanscurrency.block_variant.modifier.glassless" }]
      },
      { "translate": "lightmanscurrency.block_variant.create.auction_stand.desc.1" },
      { "translate": "lightmanscurrency.block_variant.create.auction_stand.desc.2" }
    ]
  }
}