{
	"credit": "Made by XeKr with Blockbench",
	"textures": {
		"1": "block/fence_gate_outline",
		"particle": "#texture"
	},
	"elements": [
		{
			"name": "Left-hand post",
			"from": [0, 5, 7],
			"to": [2, 16, 9],
			"faces": {
				"north": {"uv": [0, 0, 2, 11], "texture": "#texture"},
				"east": {"uv": [7, 0, 9, 11], "texture": "#texture"},
				"south": {"uv": [0, 0, 2, 11], "texture": "#texture"},
				"west": {"uv": [7, 0, 9, 11], "texture": "#texture", "cullface": "west"},
				"up": {"uv": [0, 7, 2, 9], "texture": "#texture"},
				"down": {"uv": [0, 7, 2, 9], "texture": "#texture"}
			}
		},
		{
			"name": "Right-hand post",
			"from": [14, 5, 7],
			"to": [16, 16, 9],
			"faces": {
				"north": {"uv": [14, 0, 16, 11], "texture": "#texture"},
				"east": {"uv": [7, 0, 9, 11], "texture": "#texture", "cullface": "east"},
				"south": {"uv": [14, 0, 16, 11], "texture": "#texture"},
				"west": {"uv": [7, 0, 9, 11], "texture": "#texture"},
				"up": {"uv": [14, 7, 16, 9], "texture": "#texture"},
				"down": {"uv": [14, 7, 16, 9], "texture": "#texture"}
			}
		},
		{
			"from": [2, 5, 8],
			"to": [3, 16, 8],
			"faces": {
				"north": {"uv": [0, 0, 1, 11], "texture": "#1"},
				"south": {"uv": [0, 0, 1, 11], "texture": "#1"}
			}
		},
		{
			"from": [3, 15, 8],
			"to": [13, 16, 8],
			"faces": {
				"north": {"uv": [0, 0, 10, 1], "texture": "#1"},
				"south": {"uv": [0, 0, 10, 1], "texture": "#1"}
			}
		},
		{
			"from": [3, 5, 8],
			"to": [13, 6, 8],
			"faces": {
				"north": {"uv": [0, 0, 10, 1], "texture": "#1"},
				"south": {"uv": [0, 0, 10, 1], "texture": "#1"}
			}
		},
		{
			"from": [13, 5, 8],
			"to": [14, 16, 8],
			"faces": {
				"north": {"uv": [0, 0, 1, 11], "texture": "#1"},
				"south": {"uv": [0, 0, 1, 11], "texture": "#1"}
			}
		}
	]
}