{
	"credit": "Made by XeKr with Blockbench",
	"ambientocclusion": false,
	"textures": {
		"1": "block/tripwire_outline2",
		"particle": "block/tripwire_outline2",
		"texture": "block/tripwire"
	},
	"elements": [
		{
			"from": [7, 1.5, 0],
			"to": [9, 1.5, 16],
			"shade": false,
			"rotation": {"angle": 0, "axis": "y", "origin": [8, 0, 8]},
			"faces": {
				"up": {"uv": [0, 0, 16, 2], "rotation": 90, "texture": "#texture"},
				"down": {"uv": [16, 0, 0, 2], "rotation": 90, "texture": "#texture"}
			}
		},
		{
			"from": [0, 1.5, 7],
			"to": [16, 1.5, 9],
			"shade": false,
			"rotation": {"angle": 0, "axis": "y", "origin": [8, 0, 8]},
			"faces": {
				"up": {"uv": [0, 0, 16, 2], "rotation": 180, "texture": "#texture"},
				"down": {"uv": [16, 0, 0, 2], "texture": "#texture"}
			}
		},
		{
			"from": [0, 0, 0],
			"to": [16, 8, 16],
			"shade": false,
			"faces": {
				"north": {"uv": [0, 8, 16, 16], "texture": "#1", "cullface": "north"},
				"east": {"uv": [0, 8, 16, 16], "texture": "#1", "cullface": "east"},
				"south": {"uv": [0, 8, 16, 16], "texture": "#1", "cullface": "south"},
				"west": {"uv": [0, 8, 16, 16], "texture": "#1", "cullface": "west"},
				"up": {"uv": [0, 0, 16, 16], "texture": "#1"},
				"down": {"uv": [0, 0, 16, 16], "texture": "#1", "cullface": "down"}
			}
		}
	]
}