{
	"credit": "Made by XeKr with Blockbench",
	"textures": {
		"wax": "block/waxed",
		"particle": "#side"
	},
	"elements": [
		{
			"from": [0.025, 0.025, 0.025],
			"to": [15.975, 7.975, 15.975],
			"faces": {
				"north": {"uv": [0, 8, 16, 16], "texture": "#side", "cullface": "north"},
				"east": {"uv": [0, 8, 16, 16], "texture": "#side", "cullface": "east"},
				"south": {"uv": [0, 8, 16, 16], "texture": "#side", "cullface": "south"},
				"west": {"uv": [0, 8, 16, 16], "texture": "#side", "cullface": "west"},
				"up": {"uv": [0, 0, 16, 16], "texture": "#top"},
				"down": {"uv": [0, 0, 16, 16], "texture": "#bottom", "cullface": "down"}
			}
		},
		{
			"from": [8.025, 7.975, 8.025],
			"to": [15.975, 15.975, 15.975],
			"faces": {
				"north": {"uv": [0, 0, 8, 8], "texture": "#side"},
				"east": {"uv": [0, 0, 8, 8], "texture": "#side", "cullface": "east"},
				"south": {"uv": [8, 0, 16, 8], "texture": "#side", "cullface": "south"},
				"west": {"uv": [8, 0, 16, 8], "texture": "#side"},
				"up": {"uv": [8, 8, 16, 16], "texture": "#top", "cullface": "up"}
			}
		},
		{
			"from": [9, 15, 15],
			"to": [15, 16, 16],
			"rotation": {"angle": 0, "axis": "y", "origin": [8, 8, 8]},
			"faces": {
				"south": {"uv": [9, 0, 15, 1], "texture": "#wax", "cullface": "south"},
				"up": {"uv": [9, 15, 15, 16], "texture": "#wax", "cullface": "up"}
			}
		},
		{
			"from": [1, 7, 15],
			"to": [9, 8, 16],
			"rotation": {"angle": 0, "axis": "y", "origin": [8, 8, 8]},
			"faces": {
				"south": {"uv": [1, 8, 9, 9], "texture": "#wax", "cullface": "south"},
				"up": {"uv": [1, 15, 9, 16], "texture": "#wax"}
			}
		},
		{
			"from": [0, 0, 1],
			"to": [1, 1, 15],
			"rotation": {"angle": 0, "axis": "y", "origin": [8, 8, 8]},
			"faces": {
				"west": {"uv": [1, 15, 15, 16], "texture": "#wax", "cullface": "west"},
				"down": {"uv": [0, 1, 1, 15], "texture": "#wax", "cullface": "down"}
			}
		},
		{
			"from": [15, 0, 1],
			"to": [16, 1, 15],
			"rotation": {"angle": 0, "axis": "y", "origin": [8, 8, 8]},
			"faces": {
				"east": {"uv": [1, 15, 15, 16], "texture": "#wax", "cullface": "east"},
				"down": {"uv": [15, 1, 16, 15], "texture": "#wax", "cullface": "down"}
			}
		},
		{
			"from": [1, 0, 15],
			"to": [15, 1, 16],
			"rotation": {"angle": 0, "axis": "y", "origin": [8, 8, 8]},
			"faces": {
				"south": {"uv": [1, 15, 15, 16], "texture": "#wax", "cullface": "south"},
				"down": {"uv": [1, 0, 15, 1], "texture": "#wax", "cullface": "down"}
			}
		},
		{
			"from": [1, 0, 0],
			"to": [15, 1, 1],
			"rotation": {"angle": 0, "axis": "y", "origin": [8, 8, 8]},
			"faces": {
				"north": {"uv": [1, 15, 15, 16], "texture": "#wax", "cullface": "north"},
				"down": {"uv": [1, 15, 15, 16], "texture": "#wax", "cullface": "down"}
			}
		},
		{
			"from": [0, 0, 0],
			"to": [1, 8, 1],
			"rotation": {"angle": 0, "axis": "y", "origin": [8, 8, 8]},
			"faces": {
				"north": {"uv": [15, 0, 16, 8], "texture": "#wax", "cullface": "north"},
				"west": {"uv": [0, 8, 1, 16], "texture": "#wax", "cullface": "west"},
				"up": {"uv": [0, 0, 1, 1], "texture": "#wax"},
				"down": {"uv": [0, 15, 1, 16], "texture": "#wax", "cullface": "down"}
			}
		},
		{
			"from": [0, 0, 15],
			"to": [1, 8, 16],
			"rotation": {"angle": 0, "axis": "y", "origin": [8, 8, 8]},
			"faces": {
				"south": {"uv": [0, 8, 1, 16], "texture": "#wax", "cullface": "south"},
				"west": {"uv": [15, 8, 16, 16], "texture": "#wax", "cullface": "west"},
				"up": {"uv": [0, 15, 1, 16], "texture": "#wax"},
				"down": {"uv": [0, 0, 1, 1], "texture": "#wax", "cullface": "down"}
			}
		},
		{
			"from": [8, 8, 15],
			"to": [9, 16, 16],
			"rotation": {"angle": 0, "axis": "y", "origin": [8, 8, 8]},
			"faces": {
				"south": {"uv": [8, 0, 9, 8], "texture": "#wax", "cullface": "south"},
				"west": {"uv": [15, 0, 16, 8], "texture": "#wax"},
				"up": {"uv": [8, 15, 9, 16], "texture": "#wax", "cullface": "up"}
			}
		},
		{
			"from": [8, 7, 8],
			"to": [9, 16, 9],
			"rotation": {"angle": 0, "axis": "y", "origin": [8, 8, 8]},
			"faces": {
				"north": {"uv": [7, 0, 8, 9], "texture": "#wax"},
				"west": {"uv": [8, 0, 9, 9], "texture": "#wax"},
				"up": {"uv": [8, 8, 9, 9], "texture": "#wax", "cullface": "up"}
			}
		},
		{
			"from": [0, 7, 1],
			"to": [1, 8, 15],
			"rotation": {"angle": 0, "axis": "y", "origin": [8, 8, 8]},
			"faces": {
				"west": {"uv": [1, 8, 15, 9], "texture": "#wax", "cullface": "west"},
				"up": {"uv": [0, 1, 1, 15], "texture": "#wax"}
			}
		},
		{
			"from": [8, 15, 9],
			"to": [9, 16, 15],
			"rotation": {"angle": 0, "axis": "y", "origin": [8, 8, 8]},
			"faces": {
				"west": {"uv": [9, 0, 15, 1], "texture": "#wax"},
				"up": {"uv": [0, 9, 1, 15], "texture": "#wax", "cullface": "up"}
			}
		},
		{
			"from": [15, 0, 0],
			"to": [16, 8, 1],
			"rotation": {"angle": 0, "axis": "y", "origin": [8, 8, 8]},
			"faces": {
				"north": {"uv": [0, 8, 1, 16], "texture": "#wax", "cullface": "north"},
				"east": {"uv": [15, 8, 16, 16], "texture": "#wax", "cullface": "east"},
				"up": {"uv": [15, 0, 16, 1], "texture": "#wax"},
				"down": {"uv": [15, 15, 16, 16], "texture": "#wax", "cullface": "down"}
			}
		},
		{
			"from": [15, 8, 8],
			"to": [16, 16, 9],
			"rotation": {"angle": 0, "axis": "y", "origin": [8, 8, 8]},
			"faces": {
				"north": {"uv": [0, 0, 1, 8], "texture": "#wax"},
				"east": {"uv": [7, 0, 8, 8], "texture": "#wax", "cullface": "east"},
				"up": {"uv": [15, 8, 16, 9], "texture": "#wax", "cullface": "up"}
			}
		},
		{
			"from": [15, 15, 9],
			"to": [16, 16, 15],
			"rotation": {"angle": 0, "axis": "y", "origin": [8, 8, 8]},
			"faces": {
				"east": {"uv": [1, 0, 7, 1], "texture": "#wax", "cullface": "east"},
				"up": {"uv": [15, 9, 16, 15], "texture": "#wax", "cullface": "up"}
			}
		},
		{
			"from": [15, 7, 1],
			"to": [16, 8, 9],
			"rotation": {"angle": 0, "axis": "y", "origin": [8, 8, 8]},
			"faces": {
				"east": {"uv": [7, 8, 15, 9], "texture": "#wax", "cullface": "east"},
				"up": {"uv": [15, 1, 16, 9], "texture": "#wax"}
			}
		},
		{
			"from": [15, 0, 15],
			"to": [16, 16, 16],
			"rotation": {"angle": 0, "axis": "y", "origin": [8, 8, 8]},
			"faces": {
				"east": {"uv": [0, 0, 1, 16], "texture": "#wax", "cullface": "east"},
				"south": {"uv": [15, 0, 16, 16], "texture": "#wax", "cullface": "south"},
				"up": {"uv": [15, 15, 16, 16], "texture": "#wax", "cullface": "up"},
				"down": {"uv": [15, 0, 16, 1], "texture": "#wax", "cullface": "down"}
			}
		},
		{
			"from": [1, 7, 0],
			"to": [15, 8, 1],
			"rotation": {"angle": 0, "axis": "y", "origin": [8, 8, 8]},
			"faces": {
				"north": {"uv": [1, 8, 15, 9], "texture": "#wax", "cullface": "north"},
				"up": {"uv": [1, 0, 15, 1], "texture": "#wax"}
			}
		},
		{
			"from": [9, 15, 8],
			"to": [15, 16, 9],
			"rotation": {"angle": 0, "axis": "y", "origin": [8, 8, 8]},
			"faces": {
				"north": {"uv": [1, 0, 7, 1], "texture": "#wax"},
				"up": {"uv": [9, 0, 15, 1], "texture": "#wax", "cullface": "up"}
			}
		}
	]
}