{
	"credit": "Made by XeKr with Blockbench",
	"parent": "block/block",
	"textures": {
		"6": "block/waxed",
		"particle": "block/waxed"
	},
	"elements": [
		{
			"from": [0.025, 0.025, 0.025],
			"to": [15.975, 15.975, 15.975],
			"faces": {
				"north": {"uv": [0.05, 0.05, 15.95, 15.95], "texture": "#north", "cullface": "north"},
				"east": {"uv": [0.05, 0.05, 15.95, 15.95], "texture": "#east", "cullface": "east"},
				"south": {"uv": [0.05, 0.05, 15.95, 15.95], "texture": "#south", "cullface": "south"},
				"west": {"uv": [0.05, 0.05, 15.95, 15.95], "texture": "#west", "cullface": "west"},
				"up": {"uv": [0.05, 0.05, 15.95, 15.95], "texture": "#up", "cullface": "up"},
				"down": {"uv": [0.05, 0.05, 15.95, 15.95], "texture": "#down", "cullface": "down"}
			}
		},
		{
			"from": [0, 0, 0],
			"to": [1, 16, 1],
			"rotation": {"angle": 0, "axis": "y", "origin": [8, 8, 8]},
			"faces": {
				"north": {"uv": [15, 0, 16, 16], "texture": "#6", "cullface": "north"},
				"west": {"uv": [0, 0, 1, 16], "texture": "#6", "cullface": "west"},
				"up": {"uv": [0, 0, 1, 1], "texture": "#6", "cullface": "up"},
				"down": {"uv": [0, 15, 1, 16], "texture": "#6", "cullface": "down"}
			}
		},
		{
			"from": [0, 0, 15],
			"to": [1, 16, 16],
			"rotation": {"angle": 0, "axis": "y", "origin": [8, 8, 8]},
			"faces": {
				"south": {"uv": [0, 0, 1, 16], "texture": "#6", "cullface": "south"},
				"west": {"uv": [15, 0, 16, 16], "texture": "#6", "cullface": "west"},
				"up": {"uv": [0, 15, 1, 16], "texture": "#6", "cullface": "up"},
				"down": {"uv": [0, 0, 1, 1], "texture": "#6", "cullface": "down"}
			}
		},
		{
			"from": [15, 0, 15],
			"to": [16, 16, 16],
			"rotation": {"angle": 0, "axis": "y", "origin": [8, 8, 8]},
			"faces": {
				"east": {"uv": [0, 0, 1, 16], "texture": "#6", "cullface": "east"},
				"south": {"uv": [15, 0, 16, 16], "texture": "#6", "cullface": "south"},
				"up": {"uv": [15, 15, 16, 16], "texture": "#6", "cullface": "up"},
				"down": {"uv": [15, 0, 16, 1], "texture": "#6", "cullface": "down"}
			}
		},
		{
			"from": [15, 0, 0],
			"to": [16, 16, 1],
			"rotation": {"angle": 0, "axis": "y", "origin": [8, 8, 8]},
			"faces": {
				"north": {"uv": [0, 0, 1, 16], "texture": "#6", "cullface": "north"},
				"east": {"uv": [15, 0, 16, 16], "texture": "#6", "cullface": "east"},
				"up": {"uv": [15, 0, 16, 1], "texture": "#6", "cullface": "up"},
				"down": {"uv": [15, 15, 16, 16], "texture": "#6", "cullface": "down"}
			}
		},
		{
			"from": [1, 15, 0],
			"to": [15, 16, 1],
			"rotation": {"angle": 0, "axis": "z", "origin": [8, 8, 8]},
			"faces": {
				"north": {"uv": [1, 0, 15, 1], "texture": "#6", "cullface": "north"},
				"up": {"uv": [1, 0, 15, 1], "texture": "#6", "cullface": "up"}
			}
		},
		{
			"from": [1, 15, 15],
			"to": [15, 16, 16],
			"rotation": {"angle": 0, "axis": "y", "origin": [8, 8, 8]},
			"faces": {
				"south": {"uv": [1, 0, 15, 1], "texture": "#6", "cullface": "south"},
				"up": {"uv": [1, 15, 15, 16], "texture": "#6", "cullface": "up"}
			}
		},
		{
			"from": [0, 15, 1],
			"to": [1, 16, 15],
			"rotation": {"angle": 0, "axis": "y", "origin": [8, 8, 8]},
			"faces": {
				"west": {"uv": [1, 0, 15, 1], "texture": "#6", "cullface": "west"},
				"up": {"uv": [0, 1, 1, 15], "texture": "#6", "cullface": "up"}
			}
		},
		{
			"from": [15, 15, 1],
			"to": [16, 16, 15],
			"rotation": {"angle": 0, "axis": "y", "origin": [8, 8, 8]},
			"faces": {
				"east": {"uv": [1, 0, 15, 1], "texture": "#6", "cullface": "east"},
				"up": {"uv": [15, 1, 16, 15], "texture": "#6", "cullface": "up"}
			}
		},
		{
			"from": [15, 0, 1],
			"to": [16, 1, 15],
			"rotation": {"angle": 0, "axis": "x", "origin": [8, 8, 8]},
			"faces": {
				"east": {"uv": [1, 15, 15, 16], "texture": "#6", "cullface": "east"},
				"down": {"uv": [15, 1, 16, 15], "texture": "#6", "cullface": "down"}
			}
		},
		{
			"from": [1, 0, 15],
			"to": [15, 1, 16],
			"rotation": {"angle": 0, "axis": "x", "origin": [8, 8, 8]},
			"faces": {
				"south": {"uv": [1, 15, 15, 16], "texture": "#6", "cullface": "south"},
				"down": {"uv": [1, 0, 15, 1], "texture": "#6", "cullface": "down"}
			}
		},
		{
			"from": [1, 0, 0],
			"to": [15, 1, 1],
			"rotation": {"angle": 0, "axis": "x", "origin": [8, 8, 8]},
			"faces": {
				"north": {"uv": [1, 15, 15, 16], "texture": "#6", "cullface": "north"},
				"down": {"uv": [1, 15, 15, 16], "texture": "#6", "cullface": "down"}
			}
		},
		{
			"from": [0, 0, 1],
			"to": [1, 1, 15],
			"rotation": {"angle": 0, "axis": "x", "origin": [8, 8, 8]},
			"faces": {
				"west": {"uv": [1, 15, 15, 16], "texture": "#6", "cullface": "west"},
				"down": {"uv": [0, 1, 1, 15], "texture": "#6", "cullface": "down"}
			}
		}
	]
}