{
	"credit": "Made with Blockbench",
	"parent": "block/block",
	"ambientocclusion": false,
	"render_type": "minecraft:cutout",
	"textures": {
		"6": "create:block/mixer_head"
	},
	"elements": [
		{
			"name": "MixerCenter",
			"from": [7, -4, 7],
			"to": [9, 8, 9],
			"faces": {
				"north": {"uv": [12, 0, 14, 12], "texture": "#6"},
				"east": {"uv": [12, 0, 14, 12], "texture": "#6"},
				"south": {"uv": [12, 0, 14, 12], "texture": "#6"},
				"west": {"uv": [12, 0, 14, 12], "texture": "#6"},
				"down": {"uv": [12, 12, 14, 14], "texture": "#6"}
			}
		},
		{
			"name": "Mixer wire 1",
			"from": [3, -3.9, 7.1],
			"to": [13, 5.9, 8.9],
			"faces": {
				"north": {"uv": [0, 0, 10, 10], "texture": "#6"},
				"east": {"uv": [9, 0, 11, 10], "texture": "#6"},
				"south": {"uv": [0, 0, 10, 10], "texture": "#6"},
				"west": {"uv": [9, 0, 11, 10], "texture": "#6"},
				"up": {"uv": [0, 9, 10, 11], "texture": "#6"},
				"down": {"uv": [0, 9, 10, 11], "rotation": 180, "texture": "#6"}
			}
		},
		{
			"name": "Mixer wire 1 inverted",
			"from": [13, 5.9, 8.9],
			"to": [3, -3.9, 7.1],
			"faces": {
				"north": {"uv": [0, 10, 10, 0], "texture": "#6"},
				"east": {"uv": [9, 10, 11, 0], "texture": "#6"},
				"south": {"uv": [0, 10, 10, 0], "texture": "#6"},
				"west": {"uv": [9, 10, 11, 0], "texture": "#6"},
				"up": {"uv": [10, 9, 0, 11], "rotation": 180, "texture": "#6"},
				"down": {"uv": [10, 9, 0, 11], "texture": "#6"}
			}
		},
		{
			"name": "Mixer wire 2",
			"from": [7.1, -3.9, 3],
			"to": [8.9, 5.9, 13],
			"faces": {
				"north": {"uv": [9, 0, 11, 10], "texture": "#6"},
				"east": {"uv": [0, 0, 10, 10], "texture": "#6"},
				"south": {"uv": [9, 0, 11, 10], "texture": "#6"},
				"west": {"uv": [0, 0, 10, 10], "texture": "#6"},
				"up": {"uv": [0, 9, 10, 11], "rotation": 270, "texture": "#6"},
				"down": {"uv": [0, 9, 10, 11], "rotation": 270, "texture": "#6"}
			}
		},
		{
			"name": "Mixer wire 2 inverted",
			"from": [8.9, 5.9, 13],
			"to": [7.1, -3.9, 3],
			"faces": {
				"north": {"uv": [9, 10, 11, 0], "texture": "#6"},
				"east": {"uv": [0, 10, 10, 0], "texture": "#6"},
				"south": {"uv": [9, 10, 11, 0], "texture": "#6"},
				"west": {"uv": [0, 10, 10, 0], "texture": "#6"},
				"up": {"uv": [10, 9, 0, 11], "rotation": 90, "texture": "#6"},
				"down": {"uv": [10, 9, 0, 11], "rotation": 90, "texture": "#6"}
			}
		}
	]
}