{
	"credit": "Made with Blockbench",
	"parent": "lightmanscurrency:block/block",
	"render_type": "cutout",
	"texture_size": [64, 64],
	"textures": {
		"particle": "#main"
	},
	"elements": [
		{
			"name": "Base",
			"from": [0, 0, 0],
			"to": [16, 8, 16],
			"faces": {
				"north": {"uv": [0, 4, 4, 6], "texture": "#main"},
				"east": {"uv": [0, 4, 4, 6], "texture": "#main"},
				"south": {"uv": [0, 4, 4, 6], "texture": "#main"},
				"west": {"uv": [0, 4, 4, 6], "texture": "#main"},
				"up": {"uv": [0, 0, 4, 4], "texture": "#main"},
				"down": {"uv": [0, 0, 4, 4], "texture": "#main"}
			}
		},
		{
			"name": "Support",
			"from": [1, 8, 1],
			"to": [15, 9, 15],
			"faces": {
				"north": {"uv": [0.25, 10, 3.75, 10.25], "texture": "#main"},
				"east": {"uv": [0.25, 10, 3.75, 10.25], "texture": "#main"},
				"south": {"uv": [0.25, 10, 3.75, 10.25], "texture": "#main"},
				"west": {"uv": [0.25, 10.25, 3.75, 10], "texture": "#main"},
				"up": {"uv": [0.25, 6.25, 3.75, 9.75], "texture": "#main"}
			}
		},
		{
			"name": "Glass",
			"from": [1, 9, 1],
			"to": [15, 15.99, 15],
			"faces": {
				"north": {"uv": [4.25, 0.25, 7.75, 2], "texture": "#main"},
				"east": {"uv": [4.25, 0.25, 7.75, 2], "texture": "#main"},
				"south": {"uv": [4.25, 0.25, 7.75, 2], "texture": "#main"},
				"west": {"uv": [4.25, 0.25, 7.75, 2], "texture": "#main"},
				"up": {"uv": [4.25, 0.25, 7.75, 3.75], "texture": "#main"}
			}
		},
		{
			"name": "Glass-inside",
			"from": [1, 9, 15],
			"to": [15, 15.99, 1],
			"faces": {
				"north": {"uv": [4.25, 0.25, 7.75, 2], "texture": "#main"},
				"east": {"uv": [4.25, 0.25, 7.75, 2], "texture": "#main"},
				"south": {"uv": [4.25, 0.25, 7.75, 2], "texture": "#main"},
				"west": {"uv": [4.25, 0.25, 7.75, 2], "texture": "#main"},
				"up": {"uv": [4.25, 0.25, 7.75, 3.75], "texture": "#main"}
			}
		}
	]
}