{
	"credit": "Made with Blockbench",
	"parent": "lightmanscurrency:block/block",
	"texture_size": [64, 64],
	"textures": {
		"particle": "#main"
	},
	"elements": [
		{
			"name": "Computer",
			"from": [1, 0, 1],
			"to": [15, 3, 15],
			"faces": {
				"north": {"uv": [8.25, 1.75, 11.75, 2.5], "texture": "#main"},
				"east": {"uv": [8.25, 2.5, 11.75, 3.25], "texture": "#main"},
				"south": {"uv": [8.25, 0.25, 11.75, 1], "texture": "#main"},
				"west": {"uv": [8.25, 1, 11.75, 1.75], "texture": "#main"},
				"up": {"uv": [4.25, 0.25, 7.75, 3.75], "texture": "#main"},
				"down": {"uv": [0.25, 0.25, 3.75, 3.75], "texture": "#main"}
			}
		},
		{
			"name": "Monitor Face",
			"from": [1, 3, 11],
			"to": [15, 16, 14],
			"faces": {
				"north": {"uv": [0.25, 7.25, 3.75, 10.5], "texture": "#main"},
				"east": {"uv": [3.75, 4, 4.5, 7.25], "texture": "#main"},
				"south": {"uv": [0.25, 4, 3.75, 7.25], "texture": "#main"},
				"west": {"uv": [6, 7.25, 6.75, 10.5], "texture": "#main"},
				"up": {"uv": [6.75, 6.5, 10.25, 7.25], "texture": "#main"}
			}
		},
		{
			"name": "Monitor Back",
			"from": [2, 4, 2],
			"to": [14, 15, 11],
			"faces": {
				"north": {"uv": [0.5, 10.75, 3.5, 13.5], "texture": "#main"},
				"east": {"uv": [4.5, 4.25, 6.75, 7], "texture": "#main"},
				"west": {"uv": [3.75, 7.5, 6, 10.25], "texture": "#main"},
				"up": {"uv": [7, 4.25, 10, 6.5], "texture": "#main"},
				"down": {"uv": [7, 8, 10, 10.25], "texture": "#main"}
			}
		},
		{
			"name": "Support",
			"from": [5, 3, 4],
			"to": [11, 4, 9],
			"faces": {
				"north": {"uv": [5.25, 11, 6.75, 11.25], "texture": "#main"},
				"east": {"uv": [3.75, 10.75, 5, 11], "texture": "#main"},
				"south": {"uv": [3.75, 11, 5.25, 11.25], "texture": "#main"},
				"west": {"uv": [5.5, 10.75, 6.75, 11], "texture": "#main"}
			}
		},
		{
			"name": "Antenna",
			"from": [1, 11, 5],
			"to": [2, 20, 6],
			"faces": {
				"north": {"uv": [7, 11, 7.25, 13.25], "texture": "#main"},
				"east": {"uv": [7, 11, 7.25, 13.25], "texture": "#main"},
				"south": {"uv": [7, 11, 7.25, 13.25], "texture": "#main"},
				"west": {"uv": [7, 11, 7.25, 13.25], "texture": "#main"},
				"up": {"uv": [7, 11, 7.25, 11.25], "texture": "#main"},
				"down": {"uv": [7, 13, 7.25, 13.25], "texture": "#main"}
			}
		},
		{
			"name": "Antenna2",
			"from": [0, 17, 4],
			"to": [3, 17, 7],
			"faces": {
				"up": {"uv": [8, 11, 8.75, 11.75], "texture": "#main"},
				"down": {"uv": [8, 11, 8.75, 11.75], "texture": "#main"}
			}
		}
	],
	"display": {
		"head": {
			"rotation": [0, -180, 0],
			"translation": [0, 0, -0.25],
			"scale": [1.25, 1.25, 1.25]
		}
	}
}