{
    "variants": {
        "facing=south,in_wall=false,open=false": { "model": "block/bamboo_fence_gate_3d" },
        "facing=west,in_wall=false,open=false":  { "model": "block/bamboo_fence_gate_3d" , "y": 90 },
        "facing=north,in_wall=false,open=false": { "model": "block/bamboo_fence_gate_3d" , "y": 180 },
        "facing=east,in_wall=false,open=false":  { "model": "block/bamboo_fence_gate_3d" , "y": 270 },
        "facing=south,in_wall=false,open=true": { "model": "block/bamboo_fence_gate_open_3d" },
        "facing=west,in_wall=false,open=true":  { "model": "block/bamboo_fence_gate_open_3d" , "y": 90 },
        "facing=north,in_wall=false,open=true": { "model": "block/bamboo_fence_gate_open_3d" , "y": 180 },
        "facing=east,in_wall=false,open=true":  { "model": "block/bamboo_fence_gate_open_3d" , "y": 270 },
        "facing=south,in_wall=true,open=false": { "model": "block/bamboo_fence_gate_wall_3d" },
        "facing=west,in_wall=true,open=false":  { "model": "block/bamboo_fence_gate_wall_3d" , "y": 90 },
        "facing=north,in_wall=true,open=false": { "model": "block/bamboo_fence_gate_wall_3d" , "y": 180 },
        "facing=east,in_wall=true,open=false":  { "model": "block/bamboo_fence_gate_wall_3d" , "y": 270 },
        "facing=south,in_wall=true,open=true": { "model": "block/bamboo_fence_gate_wall_open_3d" },
        "facing=west,in_wall=true,open=true":  { "model": "block/bamboo_fence_gate_wall_open_3d" , "y": 90 },
        "facing=north,in_wall=true,open=true": { "model": "block/bamboo_fence_gate_wall_open_3d" , "y": 180 },
        "facing=east,in_wall=true,open=true":  { "model": "block/bamboo_fence_gate_wall_open_3d" , "y": 270 }
    }
}
