{
  "multipart": [
    {
      "apply": {
        "model": "minecraft:block/brewing_stand_3d"
      }
    },
    {
      "apply": {
        "model": "minecraft:block/brewing_stand_3d_bottle0"
      },
      "when": {
        "has_bottle_0": "true"
      }
    },
    {
      "apply": {
        "model": "minecraft:block/brewing_stand_3d_bottle1"
      },
      "when": {
        "has_bottle_1": "true"
      }
    },
    {
      "apply": {
        "model": "minecraft:block/brewing_stand_3d_bottle2"
      },
      "when": {
        "has_bottle_2": "true"
      }
    },
    {
      "apply": {
        "model": "minecraft:block/brewing_stand_3d_empty0"
      },
      "when": {
        "has_bottle_0": "false"
      }
    },
    {
      "apply": {
        "model": "minecraft:block/brewing_stand_3d_empty1"
      },
      "when": {
        "has_bottle_1": "false"
      }
    },
    {
      "apply": {
        "model": "minecraft:block/brewing_stand_3d_empty2"
      },
      "when": {
        "has_bottle_2": "false"
      }
    }
  ]
}