{
    "variants": {
        "facing=north,half=bottom,open=false": { "model": "block/pale_oak_trapdoor_3d_bottom2" },
        "facing=south,half=bottom,open=false": { "model": "block/pale_oak_trapdoor_3d_bottom", "y": 180 },
        "facing=east,half=bottom,open=false": { "model": "block/pale_oak_trapdoor_3d_bottom1", "y": 90 },
        "facing=west,half=bottom,open=false": { "model": "block/pale_oak_trapdoor_3d_bottom3", "y": 270 },
        "facing=north,half=top,open=false": { "model": "block/pale_oak_trapdoor_3d_top2" },
        "facing=south,half=top,open=false": { "model": "block/pale_oak_trapdoor_3d_top", "y": 180 },
        "facing=east,half=top,open=false": { "model": "block/pale_oak_trapdoor_3d_top1", "y": 90 },
        "facing=west,half=top,open=false": { "model": "block/pale_oak_trapdoor_3d_top3", "y": 270 },
        "facing=north,half=bottom,open=true": { "model": "block/pale_oak_trapdoor_3d_open1" },
        "facing=south,half=bottom,open=true": { "model": "block/pale_oak_trapdoor_3d_open1", "y": 180 },
        "facing=east,half=bottom,open=true": { "model": "block/pale_oak_trapdoor_3d_open1", "y": 90 },
        "facing=west,half=bottom,open=true": { "model": "block/pale_oak_trapdoor_3d_open1", "y": 270 },
        "facing=north,half=top,open=true": { "model": "block/pale_oak_trapdoor_3d_open", "x": 180, "y": 180 },
        "facing=south,half=top,open=true": { "model": "block/pale_oak_trapdoor_3d_open", "x": 180, "y": 0 },
        "facing=east,half=top,open=true": { "model": "block/pale_oak_trapdoor_3d_open", "x": 180, "y": 270 },
        "facing=west,half=top,open=true": { "model": "block/pale_oak_trapdoor_3d_open", "x": 180, "y": 90 }
    }
}
