{
    "variants": {
        "shape=north_south": { "model": "block/rail_3d" },
        "shape=east_west": { "model": "block/rail_3d", "y": 90 },
        "shape=ascending_east": { "model": "block/rail_3d_raised", "y": 90 },
        "shape=ascending_west": { "model": "block/rail_3d_raised", "y": 270 },
        "shape=ascending_north": { "model": "block/rail_3d_raised" },
        "shape=ascending_south": { "model": "block/rail_3d_raised","y":180 },
        "shape=south_east": { "model": "block/rail_3d_corner" },
        "shape=south_west": { "model": "block/rail_3d_corner", "y": 90 },
        "shape=north_west": { "model": "block/rail_3d_corner", "y": 180 },
        "shape=north_east": { "model": "block/rail_3d_corner", "y": 270 }
    }
}
