{
	"credit": "Made with Blockbench",
	"parent": "lightmanscurrency:block/block1_2",
	"render_type": "cutout",
	"texture_size": [64, 64],
	"textures": {
		"particle": "#main"
	},
	"elements": [
		{
			"name": "bottombase",
			"from": [0, 0, 0],
			"to": [16, 16, 16],
			"faces": {
				"north": {"uv": [8, 12, 12, 16], "texture": "#main"},
				"east": {"uv": [4, 12, 8, 16], "texture": "#main"},
				"south": {"uv": [0, 12, 4, 16], "texture": "#main"},
				"west": {"uv": [12, 12, 16, 16], "texture": "#main"},
				"up": {"uv": [0, 5.5, 4, 9.5], "texture": "#main"},
				"down": {"uv": [4, 4, 8, 8], "texture": "#main"}
			}
		},
		{
			"name": "frontpiece1",
			"from": [6, 9, 16],
			"to": [10, 10, 17],
			"faces": {
				"east": {"uv": [2.25, 13.5, 2.5, 13.75], "texture": "#main"},
				"south": {"uv": [1.5, 13.5, 2.5, 13.75], "texture": "#main"},
				"west": {"uv": [1.5, 13.5, 1.75, 13.75], "texture": "#main"},
				"up": {"uv": [1.5, 13.5, 2.5, 13.75], "texture": "#main"},
				"down": {"uv": [1.5, 13.5, 2.5, 13.75], "texture": "#main"}
			}
		},
		{
			"name": "frontpiece2",
			"from": [6, 10, 16],
			"to": [7, 11, 17],
			"faces": {
				"east": {"uv": [1.5, 13.25, 1.75, 13.5], "texture": "#main"},
				"south": {"uv": [1.5, 13.25, 1.75, 13.5], "texture": "#main"},
				"west": {"uv": [1.5, 13.25, 1.75, 13.5], "texture": "#main"},
				"up": {"uv": [1.5, 13.25, 1.75, 13.5], "texture": "#main"}
			}
		},
		{
			"name": "frontpiece3",
			"from": [9, 10, 16],
			"to": [10, 11, 17],
			"faces": {
				"east": {"uv": [2.25, 13.25, 2.5, 13.5], "texture": "#main"},
				"south": {"uv": [2.25, 13.25, 2.5, 13.5], "texture": "#main"},
				"west": {"uv": [2.25, 13.25, 2.5, 13.5], "texture": "#main"},
				"up": {"uv": [2.25, 13.25, 2.5, 13.5], "texture": "#main"}
			}
		},
		{
			"name": "keyboard",
			"from": [0, 13.92807, 12.38896],
			"to": [12, 15.92807, 16.38896],
			"rotation": {"angle": 22.5, "axis": "x", "origin": [6, 14.92807, 15.38896]},
			"faces": {
				"east": {"uv": [0, 2, 0.5, 3], "rotation": 90, "texture": "#main"},
				"south": {"uv": [0.5, 3, 3.5, 3.5], "texture": "#main"},
				"west": {"uv": [3.5, 2, 4, 3], "rotation": 270, "texture": "#main"},
				"up": {"uv": [0.5, 2, 3.5, 3], "texture": "#main"}
			}
		},
		{
			"name": "corner",
			"from": [12, 15, 15],
			"to": [12, 16, 16],
			"faces": {
				"west": {"uv": [3.25, 9.5, 3, 9.25], "texture": "#main"}
			}
		}
	]
}