{
	"credit": "Made with Blockbench",
	"parent": "lightmanscurrency:block/block1_2",
	"render_type": "cutout",
	"texture_size": [64, 64],
	"textures": {
		"particle": "#main"
	},
	"elements": [
		{
			"name": "bottombase",
			"from": [0, 0, 0],
			"to": [16, 16, 16],
			"faces": {
				"north": {"uv": [8, 12, 12, 16], "texture": "#main"},
				"east": {"uv": [4, 12, 8, 16], "texture": "#main"},
				"south": {"uv": [0, 12, 4, 16], "texture": "#main"},
				"west": {"uv": [12, 12, 16, 16], "texture": "#main"},
				"up": {"uv": [0, 5.5, 4, 9.5], "texture": "#main"},
				"down": {"uv": [4, 4, 8, 8], "texture": "#main"}
			}
		},
		{
			"name": "topbase",
			"from": [0, 16, 0],
			"to": [16, 32, 13],
			"faces": {
				"north": {"uv": [8, 8, 12, 12], "texture": "#main"},
				"east": {"uv": [4.75, 8, 8, 12], "texture": "#main"},
				"south": {"uv": [0, 8, 4, 12], "texture": "#main"},
				"west": {"uv": [12, 8, 15.25, 12], "texture": "#main"},
				"up": {"uv": [0, 4, 4, 7.25], "texture": "#main"}
			}
		},
		{
			"name": "topfront",
			"from": [0, 26, 13],
			"to": [16, 32, 16],
			"faces": {
				"north": {"uv": [4, 0.25, 8, 1.75], "texture": "#main"},
				"east": {"uv": [4, 8, 4.75, 9.5], "texture": "#main"},
				"south": {"uv": [0, 0.25, 4, 1.75], "texture": "#main"},
				"west": {"uv": [15.25, 8, 16, 9.5], "texture": "#main"},
				"up": {"uv": [0, 7.25, 4, 8], "texture": "#main"},
				"down": {"uv": [0, 6.5, 4, 7.25], "texture": "#main"}
			}
		},
		{
			"name": "topfrontslope",
			"from": [0, 25.45, 12.69448],
			"to": [16, 26.45, 15.69448],
			"rotation": {"angle": -22.5, "axis": "x", "origin": [8, 25.95, 14.19448]},
			"faces": {
				"east": {"uv": [0, 6.5, 0.25, 7.25], "rotation": 90, "texture": "#main"},
				"west": {"uv": [3.75, 6.5, 4, 7.25], "rotation": 90, "texture": "#main"},
				"down": {"uv": [0, 6.5, 4, 7.25], "texture": "#main"}
			}
		},
		{
			"name": "frontpiece1",
			"from": [6, 9, 16],
			"to": [10, 10, 17],
			"faces": {
				"east": {"uv": [2.25, 13.5, 2.5, 13.75], "texture": "#main"},
				"south": {"uv": [1.5, 13.5, 2.5, 13.75], "texture": "#main"},
				"west": {"uv": [1.5, 13.5, 1.75, 13.75], "texture": "#main"},
				"up": {"uv": [1.5, 13.5, 2.5, 13.75], "texture": "#main"},
				"down": {"uv": [1.5, 13.5, 2.5, 13.75], "texture": "#main"}
			}
		},
		{
			"name": "frontpiece2",
			"from": [6, 10, 16],
			"to": [7, 11, 17],
			"faces": {
				"east": {"uv": [1.5, 13.25, 1.75, 13.5], "texture": "#main"},
				"south": {"uv": [1.5, 13.25, 1.75, 13.5], "texture": "#main"},
				"west": {"uv": [1.5, 13.25, 1.75, 13.5], "texture": "#main"},
				"up": {"uv": [1.5, 13.25, 1.75, 13.5], "texture": "#main"}
			}
		},
		{
			"name": "frontpiece3",
			"from": [9, 10, 16],
			"to": [10, 11, 17],
			"faces": {
				"east": {"uv": [2.25, 13.25, 2.5, 13.5], "texture": "#main"},
				"south": {"uv": [2.25, 13.25, 2.5, 13.5], "texture": "#main"},
				"west": {"uv": [2.25, 13.25, 2.5, 13.5], "texture": "#main"},
				"up": {"uv": [2.25, 13.25, 2.5, 13.5], "texture": "#main"}
			}
		},
		{
			"name": "cardslot1",
			"from": [12, 23, 13],
			"to": [15, 24, 14],
			"faces": {
				"east": {"uv": [5, 2, 5.25, 2.25], "texture": "#main"},
				"south": {"uv": [5, 2, 5.75, 2.25], "texture": "#main"},
				"west": {"uv": [5, 2, 5.25, 2.25], "texture": "#main"},
				"up": {"uv": [5, 2, 5.75, 2.25], "texture": "#main"},
				"down": {"uv": [5, 2, 5.75, 2.25], "texture": "#main"}
			}
		},
		{
			"name": "cardslot2",
			"from": [12, 21, 13],
			"to": [15, 22, 14],
			"faces": {
				"east": {"uv": [5, 2.25, 5.25, 2.5], "texture": "#main"},
				"south": {"uv": [5, 2.25, 5.75, 2.5], "texture": "#main"},
				"west": {"uv": [5, 2.5, 5.25, 2.25], "texture": "#main"},
				"up": {"uv": [5, 2.25, 5.75, 2.5], "texture": "#main"},
				"down": {"uv": [5, 2.25, 5.75, 2.5], "texture": "#main"}
			}
		},
		{
			"name": "ticketslot",
			"from": [13, 18, 13],
			"to": [15, 19, 14],
			"faces": {
				"east": {"uv": [5.25, 2, 5.5, 2.25], "texture": "#main"},
				"south": {"uv": [5.25, 2, 5.75, 2.25], "texture": "#main"},
				"west": {"uv": [5.25, 2.25, 5.5, 2], "texture": "#main"},
				"down": {"uv": [5.25, 2, 5.75, 2.25], "texture": "#main"}
			}
		},
		{
			"name": "ticket",
			"from": [13, 16.5, 12.1],
			"to": [15, 19, 14.1],
			"faces": {
				"south": {"uv": [4.25, 2.25, 4.75, 2.875], "texture": "#main"},
				"up": {"uv": [4.25, 2, 4.75, 2.25], "texture": "#main"}
			}
		},
		{
			"name": "keyboard",
			"from": [0, 13.92807, 12.38896],
			"to": [12, 15.92807, 16.38896],
			"rotation": {"angle": 22.5, "axis": "x", "origin": [6, 14.92807, 15.38896]},
			"faces": {
				"east": {"uv": [0, 2, 0.5, 3], "rotation": 90, "texture": "#main"},
				"south": {"uv": [0.5, 3, 3.5, 3.5], "texture": "#main"},
				"west": {"uv": [3.5, 2, 4, 3], "rotation": 270, "texture": "#main"},
				"up": {"uv": [0.5, 2, 3.5, 3], "texture": "#main"}
			}
		},
		{
			"name": "corner",
			"from": [12, 15, 15],
			"to": [12, 16, 16],
			"faces": {
				"west": {"uv": [3.25, 9.5, 3, 9.25], "texture": "#main"}
			}
		}
	]
}