{
	"credit": "Made with Blockbench",
	"parent": "lightmanscurrency:block/block1_2",
	"render_type": "cutout",
	"texture_size": [64, 64],
	"textures": {
		"particle": "#main"
	},
	"elements": [
		{
			"name": "topbase",
			"from": [0, 0, 0],
			"to": [16, 16, 13],
			"faces": {
				"north": {"uv": [8, 8, 12, 12], "texture": "#main"},
				"east": {"uv": [4.75, 8, 8, 12], "texture": "#main"},
				"south": {"uv": [0, 8, 4, 12], "texture": "#main"},
				"west": {"uv": [12, 8, 15.25, 12], "texture": "#main"},
				"up": {"uv": [0, 4, 4, 7.25], "texture": "#main"}
			}
		},
		{
			"name": "topfrontslope",
			"from": [0, 9.45, 12.69448],
			"to": [16, 10.45, 15.69448],
			"rotation": {"angle": -22.5, "axis": "x", "origin": [8, 9.95, 14.19448]},
			"faces": {
				"east": {"uv": [0, 6.5, 0.25, 7.25], "rotation": 90, "texture": "#main"},
				"west": {"uv": [3.75, 6.5, 4, 7.25], "rotation": 90, "texture": "#main"},
				"down": {"uv": [0, 6.5, 4, 7.25], "texture": "#main"}
			}
		},
		{
			"name": "ticketslot",
			"from": [13, 2, 13],
			"to": [15, 3, 14],
			"faces": {
				"east": {"uv": [5.25, 2, 5.5, 2.25], "texture": "#main"},
				"south": {"uv": [5.25, 2, 5.75, 2.25], "texture": "#main"},
				"west": {"uv": [5.25, 2.25, 5.5, 2], "texture": "#main"},
				"down": {"uv": [5.25, 2, 5.75, 2.25], "texture": "#main"}
			}
		},
		{
			"name": "ticket",
			"from": [13, 0.5, 12.1],
			"to": [15, 3, 14.1],
			"faces": {
				"south": {"uv": [4.25, 2.25, 4.75, 3], "texture": "#main"},
				"up": {"uv": [4.25, 2, 4.75, 2.25], "texture": "#main"}
			}
		},
		{
			"name": "cardslot2",
			"from": [12, 5, 13],
			"to": [15, 6, 14],
			"faces": {
				"east": {"uv": [5, 2.25, 5.25, 2.5], "texture": "#main"},
				"south": {"uv": [5, 2.25, 5.75, 2.5], "texture": "#main"},
				"west": {"uv": [5, 2.5, 5.25, 2.25], "texture": "#main"},
				"up": {"uv": [5, 2.25, 5.75, 2.5], "texture": "#main"},
				"down": {"uv": [5, 2.25, 5.75, 2.5], "texture": "#main"}
			}
		},
		{
			"name": "cardslot1",
			"from": [12, 7, 13],
			"to": [15, 8, 14],
			"faces": {
				"east": {"uv": [5, 2, 5.25, 2.25], "texture": "#main"},
				"south": {"uv": [5, 2, 5.75, 2.25], "texture": "#main"},
				"west": {"uv": [5, 2, 5.25, 2.25], "texture": "#main"},
				"up": {"uv": [5, 2, 5.75, 2.25], "texture": "#main"},
				"down": {"uv": [5, 2, 5.75, 2.25], "texture": "#main"}
			}
		},
		{
			"name": "topfront",
			"from": [0, 10, 13],
			"to": [16, 16, 16],
			"faces": {
				"north": {"uv": [4, 0.25, 8, 1.75], "texture": "#main"},
				"east": {"uv": [4, 8, 4.75, 9.5], "texture": "#main"},
				"south": {"uv": [0, 0.25, 4, 1.75], "texture": "#main"},
				"west": {"uv": [15.25, 8, 16, 9.5], "texture": "#main"},
				"up": {"uv": [0, 7.25, 4, 8], "texture": "#main"},
				"down": {"uv": [0, 6.5, 4, 7.25], "texture": "#main"}
			}
		}
	]
}