{
	"credit": "Made with Blockbench",
	"parent": "lightmanscurrency:block/block2_2",
	"texture_size": [64, 64],
	"textures": {
		"particle": "#exterior",
		"keyboard": "lightmanscurrency:block/large_vending_machine/create/machine_keyboard",
		"interior": "lightmanscurrency:block/large_vending_machine/create/footless/interior"
	},
	"elements": [
		{
			"name": "Base",
			"from": [0, 0, 0],
			"to": [32, 32, 16],
			"faces": {
				"north": {"uv": [0, 0, 8, 8], "texture": "#exterior"},
				"east": {"uv": [8, 8, 12, 16], "texture": "#exterior"},
				"south": {"uv": [0, 8, 8, 16], "texture": "#exterior"},
				"west": {"uv": [12, 8, 16, 16], "texture": "#exterior"},
				"up": {"uv": [8, 0, 16, 4], "texture": "#exterior"},
				"down": {"uv": [8, 4, 16, 8], "texture": "#exterior"}
			}
		},
		{
			"name": "Base-Inside",
			"neoforge_data": {"block_light": 10, "ambient_occlusion": false},
			"from": [28, 6, 1],
			"to": [1, 30, 16],
			"faces": {
				"north": {"uv": [0, 0, 6.75, 6], "texture": "#interior"},
				"east": {"uv": [10.5, 0, 14.25, 6], "texture": "#interior"},
				"west": {"uv": [6.75, 0, 10.5, 6], "texture": "#interior"},
				"up": {"uv": [0, 6, 6.75, 9.75], "texture": "#interior"},
				"down": {"uv": [0, 9.75, 6.75, 13.5], "texture": "#interior"}
			}
		},
		{
			"name": "Glass-Depth",
			"neoforge_data": {"block_light": 5},
			"from": [1.99, 6.99, 16],
			"to": [27.01, 29.01, 15],
			"faces": {
				"east": {"uv": [6.75, 8.75, 7, 14.255], "texture": "#exterior"},
				"west": {"uv": [0.25, 8.75, 0.5, 14.255], "texture": "#exterior"},
				"up": {"uv": [0.5, 8.5, 6.75, 8.75], "texture": "#exterior"},
				"down": {"uv": [0.5, 14.25, 6.75, 14.5], "texture": "#exterior"}
			}
		},
		{
			"name": "Keyboard",
			"shade": false,
			"from": [28.99, 20.99, 16],
			"to": [31.01, 24.01, 15.5],
			"faces": {
				"east": {"uv": [7.75, 10, 8, 10.75], "texture": "#exterior"},
				"south": {"uv": [0, 0, 8, 12], "texture": "#keyboard", "neoforge_data": {"block_light": 15, "ambient_occlusion": false}},
				"west": {"uv": [7, 10, 7.25, 10.75], "texture": "#exterior"},
				"up": {"uv": [7.25, 9.75, 7.75, 10], "texture": "#exterior"},
				"down": {"uv": [7.25, 10.75, 7.75, 11], "texture": "#exterior"}
			}
		},
		{
			"name": "Output",
			"neoforge_data": {"block_light": 10, "ambient_occlusion": false},
			"from": [24.01, 2.99, 12.99],
			"to": [4.99, 6, 16],
			"faces": {
				"north": {"uv": [6.75, 11.25, 11.5, 12], "texture": "#interior"},
				"east": {"uv": [11.5, 11.25, 12.25, 12], "texture": "#interior"},
				"west": {"uv": [11.5, 12, 12.25, 12.75], "texture": "#interior"},
				"up": {"uv": [6.75, 13.5, 11.5, 12.75], "texture": "#interior"},
				"down": {"uv": [11.5, 12, 6.75, 12.75], "texture": "#interior"}
			}
		},
		{
			"name": "Shelf-1",
			"neoforge_data": {"block_light": 10, "ambient_occlusion": false},
			"from": [1, 10, 1],
			"to": [28, 11, 11],
			"faces": {
				"south": {"uv": [6.75, 11, 13.5, 11.25], "texture": "#interior"},
				"up": {"uv": [6.75, 8.5, 13.5, 11], "texture": "#interior"},
				"down": {"uv": [6.75, 6, 13.5, 8.5], "texture": "#interior"}
			}
		},
		{
			"name": "Shelf-3",
			"neoforge_data": {"block_light": 10, "ambient_occlusion": false},
			"from": [1, 24, 1],
			"to": [28, 25, 11],
			"faces": {
				"south": {"uv": [6.75, 11, 13.5, 11.25], "texture": "#interior"},
				"up": {"uv": [6.75, 8.5, 13.5, 11], "texture": "#interior"},
				"down": {"uv": [6.75, 6, 13.5, 8.5], "texture": "#interior"}
			}
		},
		{
			"name": "Shelf-2",
			"neoforge_data": {"block_light": 10, "ambient_occlusion": false},
			"from": [1, 17, 1],
			"to": [28, 18, 11],
			"faces": {
				"south": {"uv": [6.75, 11, 13.5, 11.25], "texture": "#interior"},
				"up": {"uv": [6.75, 8.5, 13.5, 11], "texture": "#interior"},
				"down": {"uv": [6.75, 6, 13.5, 8.5], "texture": "#interior"}
			}
		},
		{
			"name": "Mount-1",
			"neoforge_data": {"block_light": 10, "ambient_occlusion": false},
			"from": [3, 15, 1],
			"to": [4, 16, 11],
			"faces": {
				"east": {"uv": [0.5, 13.5, 3, 13.75], "texture": "#interior"},
				"south": {"uv": [0.5, 14, 0.75, 14.25], "texture": "#interior"},
				"west": {"uv": [0.5, 13.75, 3, 14], "texture": "#interior"},
				"up": {"uv": [0, 13.5, 0.25, 16], "texture": "#interior"},
				"down": {"uv": [0.25, 13.5, 0.5, 16], "texture": "#interior"}
			}
		},
		{
			"name": "Mount-2",
			"neoforge_data": {"block_light": 10, "ambient_occlusion": false},
			"from": [10, 15, 1],
			"to": [11, 16, 11],
			"faces": {
				"east": {"uv": [0.5, 13.5, 3, 13.75], "texture": "#interior"},
				"south": {"uv": [0.5, 14, 0.75, 14.25], "texture": "#interior"},
				"west": {"uv": [0.5, 13.75, 3, 14], "texture": "#interior"},
				"up": {"uv": [0, 13.5, 0.25, 16], "texture": "#interior"},
				"down": {"uv": [0.25, 13.5, 0.5, 16], "texture": "#interior"}
			}
		},
		{
			"name": "Mount-3",
			"neoforge_data": {"block_light": 10, "ambient_occlusion": false},
			"from": [18, 15, 1],
			"to": [19, 16, 11],
			"faces": {
				"east": {"uv": [0.5, 13.5, 3, 13.75], "texture": "#interior"},
				"south": {"uv": [0.5, 14, 0.75, 14.25], "texture": "#interior"},
				"west": {"uv": [0.5, 13.75, 3, 14], "texture": "#interior"},
				"up": {"uv": [0, 13.5, 0.25, 16], "texture": "#interior"},
				"down": {"uv": [0.25, 13.5, 0.5, 16], "texture": "#interior"}
			}
		},
		{
			"name": "Mount-4",
			"neoforge_data": {"block_light": 10, "ambient_occlusion": false},
			"from": [25, 15, 1],
			"to": [26, 16, 11],
			"faces": {
				"east": {"uv": [0.5, 13.5, 3, 13.75], "texture": "#interior"},
				"south": {"uv": [0.5, 14, 0.75, 14.25], "texture": "#interior"},
				"west": {"uv": [0.5, 13.75, 3, 14], "texture": "#interior"},
				"up": {"uv": [0, 13.5, 0.25, 16], "texture": "#interior"},
				"down": {"uv": [0.25, 13.5, 0.5, 16], "texture": "#interior"}
			}
		},
		{
			"name": "Mount-5",
			"neoforge_data": {"block_light": 10, "ambient_occlusion": false},
			"from": [3, 22, 1],
			"to": [4, 23, 11],
			"faces": {
				"east": {"uv": [0.5, 13.5, 3, 13.75], "texture": "#interior"},
				"south": {"uv": [0.5, 14, 0.75, 14.25], "texture": "#interior"},
				"west": {"uv": [0.5, 13.75, 3, 14], "texture": "#interior"},
				"up": {"uv": [0, 13.5, 0.25, 16], "texture": "#interior"},
				"down": {"uv": [0.25, 13.5, 0.5, 16], "texture": "#interior"}
			}
		},
		{
			"name": "Mount-6",
			"neoforge_data": {"block_light": 10, "ambient_occlusion": false},
			"from": [10, 22, 1],
			"to": [11, 23, 11],
			"faces": {
				"east": {"uv": [0.5, 13.5, 3, 13.75], "texture": "#interior"},
				"south": {"uv": [0.5, 14, 0.75, 14.25], "texture": "#interior"},
				"west": {"uv": [0.5, 13.75, 3, 14], "texture": "#interior"},
				"up": {"uv": [0, 13.5, 0.25, 16], "texture": "#interior"},
				"down": {"uv": [0.25, 13.5, 0.5, 16], "texture": "#interior"}
			}
		},
		{
			"name": "Mount-7",
			"neoforge_data": {"block_light": 10, "ambient_occlusion": false},
			"from": [18, 22, 1],
			"to": [19, 23, 11],
			"faces": {
				"east": {"uv": [0.5, 13.5, 3, 13.75], "texture": "#interior"},
				"south": {"uv": [0.5, 14, 0.75, 14.25], "texture": "#interior"},
				"west": {"uv": [0.5, 13.75, 3, 14], "texture": "#interior"},
				"up": {"uv": [0, 13.5, 0.25, 16], "texture": "#interior"},
				"down": {"uv": [0.25, 13.5, 0.5, 16], "texture": "#interior"}
			}
		},
		{
			"name": "Mount-8",
			"neoforge_data": {"block_light": 10, "ambient_occlusion": false},
			"from": [25, 22, 1],
			"to": [26, 23, 11],
			"faces": {
				"east": {"uv": [0.5, 13.5, 3, 13.75], "texture": "#interior"},
				"south": {"uv": [0.5, 14, 0.75, 14.25], "texture": "#interior"},
				"west": {"uv": [0.5, 13.75, 3, 14], "texture": "#interior"},
				"up": {"uv": [0, 13.5, 0.25, 16], "texture": "#interior"},
				"down": {"uv": [0.25, 13.5, 0.5, 16], "texture": "#interior"}
			}
		},
		{
			"name": "Mount-9",
			"neoforge_data": {"block_light": 10, "ambient_occlusion": false},
			"from": [3, 29, 1],
			"to": [4, 30, 11],
			"faces": {
				"east": {"uv": [0.5, 13.5, 3, 13.75], "texture": "#interior"},
				"south": {"uv": [0.5, 14, 0.75, 14.25], "texture": "#interior"},
				"west": {"uv": [0.5, 13.75, 3, 14], "texture": "#interior"},
				"up": {"uv": [0, 13.5, 0.25, 16], "texture": "#interior"},
				"down": {"uv": [0.25, 13.5, 0.5, 16], "texture": "#interior"}
			}
		},
		{
			"name": "Mount-10",
			"neoforge_data": {"block_light": 10, "ambient_occlusion": false},
			"from": [10, 29, 1],
			"to": [11, 30, 11],
			"faces": {
				"east": {"uv": [0.5, 13.5, 3, 13.75], "texture": "#interior"},
				"south": {"uv": [0.5, 14, 0.75, 14.25], "texture": "#interior"},
				"west": {"uv": [0.5, 13.75, 3, 14], "texture": "#interior"},
				"up": {"uv": [0, 13.5, 0.25, 16], "texture": "#interior"},
				"down": {"uv": [0.25, 13.5, 0.5, 16], "texture": "#interior"}
			}
		},
		{
			"name": "Mount-11",
			"neoforge_data": {"block_light": 10, "ambient_occlusion": false},
			"from": [18, 29, 1],
			"to": [19, 30, 11],
			"faces": {
				"east": {"uv": [0.5, 13.5, 3, 13.75], "texture": "#interior"},
				"south": {"uv": [0.5, 14, 0.75, 14.25], "texture": "#interior"},
				"west": {"uv": [0.5, 13.75, 3, 14], "texture": "#interior"},
				"up": {"uv": [0, 13.5, 0.25, 16], "texture": "#interior"},
				"down": {"uv": [0.25, 13.5, 0.5, 16], "texture": "#interior"}
			}
		},
		{
			"name": "Mount-12",
			"neoforge_data": {"block_light": 10, "ambient_occlusion": false},
			"from": [25, 29, 1],
			"to": [26, 30, 11],
			"faces": {
				"east": {"uv": [0.5, 13.5, 3, 13.75], "texture": "#interior"},
				"south": {"uv": [0.5, 14, 0.75, 14.25], "texture": "#interior"},
				"west": {"uv": [0.5, 13.75, 3, 14], "texture": "#interior"},
				"up": {"uv": [0, 13.5, 0.25, 16], "texture": "#interior"},
				"down": {"uv": [0.25, 13.5, 0.5, 16], "texture": "#interior"}
			}
		},
		{
			"name": "Slot-Down",
			"from": [29, 12, 16],
			"to": [30, 13, 17],
			"faces": {
				"south": {"uv": [7.25, 12.75, 7.5, 13], "texture": "#exterior"},
				"up": {"uv": [7.25, 12.75, 7.5, 13], "texture": "#exterior"},
				"down": {"uv": [7.25, 12.75, 7.5, 13], "texture": "#exterior"}
			}
		},
		{
			"name": "Slot-Right",
			"from": [30, 12, 16],
			"to": [31, 14, 17],
			"faces": {
				"east": {"uv": [7.5, 12.5, 7.75, 13], "texture": "#exterior"},
				"south": {"uv": [7.5, 12.5, 7.75, 13], "texture": "#exterior"},
				"west": {"uv": [7.5, 12.5, 7.75, 13], "texture": "#exterior"},
				"up": {"uv": [7.5, 12.5, 7.75, 12.75], "texture": "#exterior"},
				"down": {"uv": [7.5, 12.75, 7.75, 13], "texture": "#exterior"}
			}
		},
		{
			"name": "Slot-Left",
			"from": [28, 12, 16],
			"to": [29, 14, 17],
			"faces": {
				"east": {"uv": [7, 12.5, 7.25, 13], "texture": "#exterior"},
				"south": {"uv": [7, 12.5, 7.25, 13], "texture": "#exterior"},
				"west": {"uv": [7, 12.5, 7.25, 13], "texture": "#exterior"},
				"up": {"uv": [7, 12.5, 7.25, 12.75], "texture": "#exterior"},
				"down": {"uv": [7, 12.75, 7.25, 13], "texture": "#exterior"}
			}
		}
	],
	"groups": [
		0,
		1,
		2,
		3,
		4,
		{
			"name": "Shelf",
			"origin": [0, 0, 0],
			"color": 0,
			"children": [5, 6, 7]
		},
		{
			"name": "Mount",
			"origin": [0, 0, 0],
			"color": 0,
			"children": [8, 9, 10, 11, 12, 13, 14, 15, 16, 17, 18, 19]
		},
		{
			"name": "Slot",
			"origin": [0, 0, 0],
			"color": 0,
			"children": [20, 21, 22]
		}
	]
}