{
	"credit": "Made with Blockbench",
	"render_type": "cutout",
	"parent": "lightmanscurrency:block/block",
	"texture_size": [64, 64],
	"textures": {
		"particle": "#main"
	},
	"elements": [
		{
			"name": "bottom",
			"from": [2, 0, 2],
			"to": [14, 1, 14],
			"faces": {
				"north": {"uv": [0, 6.25, 3, 6.5], "texture": "#main"},
				"east": {"uv": [3, 6.25, 6, 6.5], "texture": "#main"},
				"south": {"uv": [0, 6, 3, 6.25], "texture": "#main"},
				"west": {"uv": [3, 6, 6, 6.25], "texture": "#main"},
				"up": {"uv": [0, 6.5, 3, 9.5], "texture": "#main"},
				"down": {"uv": [3, 6.5, 6, 9.5], "texture": "#main"}
			}
		},
		{
			"name": "base",
			"from": [3, 1, 3],
			"to": [13, 7, 13],
			"faces": {
				"north": {"uv": [0, 3, 2.5, 4.5], "texture": "#main"},
				"east": {"uv": [0, 4.5, 2.5, 6], "texture": "#main"},
				"south": {"uv": [0, 0, 2.5, 1.5], "texture": "#main"},
				"west": {"uv": [0, 1.5, 2.5, 3], "texture": "#main"},
				"up": {"uv": [2.5, 0, 5, 2.5], "texture": "#main"},
				"down": {"uv": [2.5, 2.5, 5, 5], "texture": "#main"}
			}
		},
		{
			"name": "glass",
			"from": [2, 7, 2],
			"to": [14, 15, 14],
			"faces": {
				"north": {"uv": [5, 2, 8, 4], "texture": "#main"},
				"east": {"uv": [8, 2, 11, 4], "texture": "#main"},
				"south": {"uv": [5, 0, 8, 2], "texture": "#main"},
				"west": {"uv": [8, 0, 11, 2], "texture": "#main"},
				"up": {"uv": [11, 0, 14, 3], "texture": "#main"},
				"down": {"uv": [11, 3, 14, 6], "texture": "#main"}
			}
		},
		{
			"name": "glass_inside",
			"from": [2, 7, 14],
			"to": [14, 15, 2],
			"faces": {
				"north": {"uv": [8, 0, 11, 2], "texture": "#main"},
				"east": {"uv": [5, 2, 8, 4], "texture": "#main"},
				"south": {"uv": [8, 2, 11, 4], "texture": "#main"},
				"west": {"uv": [5, 0, 8, 2], "texture": "#main"},
				"up": {"uv": [11, 0, 14, 3], "rotation": 90, "texture": "#main"},
				"down": {"uv": [11, 3, 14, 6], "rotation": 270, "texture": "#main"}
			}
		},
		{
			"name": "lid",
			"from": [6, 15, 6],
			"to": [10, 16, 10],
			"faces": {
				"north": {"uv": [5, 4.25, 6, 4.5], "texture": "#main"},
				"east": {"uv": [6, 4.25, 7, 4.5], "texture": "#main"},
				"south": {"uv": [5, 4, 6, 4.25], "texture": "#main"},
				"west": {"uv": [6, 4, 7, 4.25], "texture": "#main"},
				"up": {"uv": [5, 4.5, 6, 5.5], "texture": "#main"},
				"down": {"uv": [6, 4.5, 7, 5.5], "texture": "#main"}
			}
		}
	]
}