{
	"credit": "Made by XeKr with Blockbench",
	"parent": "block/rail_flat",
	"textures": {
		"rail": "create:block/controller_rail3d",
		"particle": "create:block/controller_rail3d_tint",
		"tint": "create:block/controller_rail3d_tint"
	},
	"elements": [
		{
			"from": [8, 1.5, 2.5],
			"to": [10, 2.25, 6.5],
			"rotation": {"angle": 45, "axis": "y", "origin": [8, 1.75, 4.5]},
			"faces": {
				"north": {"uv": [0, 0, 2, 0.75], "texture": "#tint", "tintindex": 0},
				"east": {"uv": [4, 0, 0, 0.75], "texture": "#tint", "tintindex": 0},
				"south": {"uv": [2, 3, 0, 3.75], "texture": "#tint", "tintindex": 0},
				"west": {"uv": [0, 0, 4, 0.75], "texture": "#tint", "tintindex": 0},
				"up": {"uv": [0, 0, 4, 2], "rotation": 90, "texture": "#tint", "tintindex": 0},
				"down": {"uv": [0, 2, 4, 0], "rotation": 270, "texture": "#tint", "tintindex": 0}
			}
		},
		{
			"from": [6, 1.5, 2.5],
			"to": [8, 2.25, 4.5],
			"rotation": {"angle": 45, "axis": "y", "origin": [8, 1.75, 4.5]},
			"faces": {
				"north": {"uv": [2, 0, 4, 0.75], "texture": "#tint", "tintindex": 0},
				"south": {"uv": [2, 2, 0, 2.75], "texture": "#tint", "tintindex": 0},
				"west": {"uv": [0, 3, 2, 3.75], "texture": "#tint", "tintindex": 0},
				"up": {"uv": [0, 2, 2, 4], "rotation": 90, "texture": "#tint", "tintindex": 0},
				"down": {"uv": [0, 2, 2, 4], "rotation": 180, "texture": "#tint", "tintindex": 0}
			}
		},
		{
			"from": [6, 1.5, 6.5],
			"to": [8, 2.25, 8.5],
			"rotation": {"angle": 45, "axis": "y", "origin": [8, 1.75, 8.5]},
			"faces": {
				"north": {"uv": [2, 0, 4, 0.75], "texture": "#tint", "tintindex": 0},
				"south": {"uv": [2, 2, 0, 2.75], "texture": "#tint", "tintindex": 0},
				"west": {"uv": [0, 3, 2, 3.75], "texture": "#tint", "tintindex": 0},
				"up": {"uv": [0, 2, 2, 4], "rotation": 90, "texture": "#tint", "tintindex": 0},
				"down": {"uv": [0, 2, 2, 4], "rotation": 180, "texture": "#tint", "tintindex": 0}
			}
		},
		{
			"from": [8, 1.5, 6.5],
			"to": [10, 2.25, 10.5],
			"rotation": {"angle": 45, "axis": "y", "origin": [8, 1.75, 8.5]},
			"faces": {
				"north": {"uv": [0, 0, 2, 0.75], "texture": "#tint", "tintindex": 0},
				"east": {"uv": [4, 0, 0, 0.75], "texture": "#tint", "tintindex": 0},
				"south": {"uv": [2, 3, 0, 3.75], "texture": "#tint", "tintindex": 0},
				"west": {"uv": [0, 0, 4, 0.75], "texture": "#tint", "tintindex": 0},
				"up": {"uv": [0, 0, 4, 2], "rotation": 90, "texture": "#tint", "tintindex": 0},
				"down": {"uv": [0, 2, 4, 0], "rotation": 270, "texture": "#tint", "tintindex": 0}
			}
		},
		{
			"from": [6, 1.5, 10.5],
			"to": [8, 2.25, 12.5],
			"rotation": {"angle": 45, "axis": "y", "origin": [8, 1.75, 12.5]},
			"faces": {
				"north": {"uv": [2, 0, 4, 0.75], "texture": "#tint", "tintindex": 0},
				"south": {"uv": [2, 2, 0, 2.75], "texture": "#tint", "tintindex": 0},
				"west": {"uv": [0, 3, 2, 3.75], "texture": "#tint", "tintindex": 0},
				"up": {"uv": [0, 2, 2, 4], "rotation": 90, "texture": "#tint", "tintindex": 0},
				"down": {"uv": [0, 2, 2, 4], "rotation": 180, "texture": "#tint", "tintindex": 0}
			}
		},
		{
			"from": [8, 1.5, 10.5],
			"to": [10, 2.25, 14.5],
			"rotation": {"angle": 45, "axis": "y", "origin": [8, 1.75, 12.5]},
			"faces": {
				"north": {"uv": [0, 0, 2, 0.75], "texture": "#tint", "tintindex": 0},
				"east": {"uv": [4, 0, 0, 0.75], "texture": "#tint", "tintindex": 0},
				"south": {"uv": [2, 3, 0, 3.75], "texture": "#tint", "tintindex": 0},
				"west": {"uv": [0, 0, 4, 0.75], "texture": "#tint", "tintindex": 0},
				"up": {"uv": [0, 0, 4, 2], "rotation": 90, "texture": "#tint", "tintindex": 0},
				"down": {"uv": [0, 2, 4, 0], "rotation": 270, "texture": "#tint", "tintindex": 0}
			}
		},
		{
			"from": [4, 1, 0],
			"to": [6, 2, 16],
			"faces": {
				"north": {"uv": [2, 15, 0, 16], "texture": "#rail"},
				"east": {"uv": [1, 0, 2, 16], "rotation": 90, "texture": "#rail"},
				"south": {"uv": [0, 0, 2, 1], "texture": "#rail"},
				"west": {"uv": [0, 16, 1, 0], "rotation": 90, "texture": "#rail"},
				"up": {"uv": [0, 0, 2, 16], "texture": "#rail"},
				"down": {"uv": [0, 16, 2, 0], "texture": "#rail"}
			}
		},
		{
			"from": [6, 1, 0],
			"to": [7, 1.5, 16],
			"faces": {
				"north": {"uv": [3, 15, 2, 16], "texture": "#rail"},
				"east": {"uv": [2, 0, 3, 16], "rotation": 90, "texture": "#rail"},
				"south": {"uv": [2, 0, 3, 1], "texture": "#rail"},
				"up": {"uv": [2, 0, 3, 16], "texture": "#rail"},
				"down": {"uv": [2, 16, 3, 0], "texture": "#rail"}
			}
		},
		{
			"from": [9, 1, 0],
			"to": [10, 1.5, 16],
			"faces": {
				"north": {"uv": [2, 0, 3, 1], "texture": "#rail"},
				"south": {"uv": [3, 15, 2, 16], "texture": "#rail"},
				"west": {"uv": [2, 0, 3, 16], "rotation": 90, "texture": "#rail"},
				"up": {"uv": [2, 0, 3, 16], "rotation": 180, "texture": "#rail"},
				"down": {"uv": [2, 16, 3, 0], "rotation": 180, "texture": "#rail"}
			}
		},
		{
			"from": [10, 1, 0],
			"to": [12, 2, 16],
			"faces": {
				"north": {"uv": [0, 0, 2, 1], "texture": "#rail"},
				"east": {"uv": [0, 16, 1, 0], "rotation": 90, "texture": "#rail"},
				"south": {"uv": [2, 15, 0, 16], "texture": "#rail"},
				"west": {"uv": [1, 0, 2, 16], "rotation": 90, "texture": "#rail"},
				"up": {"uv": [0, 0, 2, 16], "rotation": 180, "texture": "#rail"},
				"down": {"uv": [0, 16, 2, 0], "rotation": 180, "texture": "#rail"}
			}
		},
		{
			"from": [2, 0, 1],
			"to": [14, 1, 3],
			"faces": {
				"north": {"uv": [16, 0, 4, 1], "texture": "#rail"},
				"east": {"uv": [4, 0, 5, 2], "rotation": 90, "texture": "#rail"},
				"south": {"uv": [4, 1, 16, 2], "texture": "#rail"},
				"west": {"uv": [4, 2, 5, 0], "rotation": 90, "texture": "#rail"},
				"up": {"uv": [4, 0, 16, 2], "texture": "#rail"},
				"down": {"uv": [4, 2, 16, 0], "texture": "#rail"}
			}
		},
		{
			"from": [2, 0, 5],
			"to": [14, 1, 7],
			"faces": {
				"north": {"uv": [16, 0, 4, 1], "texture": "#rail"},
				"east": {"uv": [4, 0, 5, 2], "rotation": 90, "texture": "#rail"},
				"south": {"uv": [4, 1, 16, 2], "texture": "#rail"},
				"west": {"uv": [4, 2, 5, 0], "rotation": 90, "texture": "#rail"},
				"up": {"uv": [4, 0, 16, 2], "texture": "#rail"},
				"down": {"uv": [4, 2, 16, 0], "texture": "#rail"}
			}
		},
		{
			"from": [2, 0, 9],
			"to": [14, 1, 11],
			"faces": {
				"north": {"uv": [16, 0, 4, 1], "texture": "#rail"},
				"east": {"uv": [4, 0, 5, 2], "rotation": 90, "texture": "#rail"},
				"south": {"uv": [4, 1, 16, 2], "texture": "#rail"},
				"west": {"uv": [4, 2, 5, 0], "rotation": 90, "texture": "#rail"},
				"up": {"uv": [4, 0, 16, 2], "texture": "#rail"},
				"down": {"uv": [4, 2, 16, 0], "texture": "#rail"}
			}
		},
		{
			"from": [2, 0, 13],
			"to": [14, 1, 15],
			"faces": {
				"north": {"uv": [16, 0, 4, 1], "texture": "#rail"},
				"east": {"uv": [4, 0, 5, 2], "rotation": 90, "texture": "#rail"},
				"south": {"uv": [4, 1, 16, 2], "texture": "#rail"},
				"west": {"uv": [4, 2, 5, 0], "rotation": 90, "texture": "#rail"},
				"up": {"uv": [4, 0, 16, 2], "texture": "#rail"},
				"down": {"uv": [4, 2, 16, 0], "texture": "#rail"}
			}
		}
	],
	"groups": [
		{
			"name": "group",
			"origin": [8, 1.75, 12],
			"color": 0,
			"children": [0, 1, 2, 3, 4, 5]
		},
		{
			"name": "group",
			"origin": [0, 0, 0],
			"color": 0,
			"children": [6, 7, 8, 9, 10, 11, 12, 13]
		}
	]
}