{
	"credit": "Made by XeKr with Blockbench",
	"parent": "block/rail_flat",
	"textures": {
		"particle": "create:block/controller_rail3d",
		"rail": "create:block/controller_rail3d",
		"tint": "create:block/controller_rail3d_tint",
		"stand": "block/rail3d_stand",
		"stand2": "block/rail3d_stand2"
	},
	"elements": [
		{
			"from": [3.5, 7.75, 9.5],
			"to": [4.5, 9.75, 13.5],
			"faces": {
				"north": {"uv": [0, 0.75, 2, 0], "rotation": 270, "texture": "#tint", "tintindex": 0},
				"east": {"uv": [4, 2, 0, 0], "texture": "#tint", "tintindex": 0},
				"south": {"uv": [2, 3.75, 0, 3], "rotation": 90, "texture": "#tint", "tintindex": 0},
				"west": {"uv": [4, 0, 0, 2], "rotation": 180, "texture": "#tint", "tintindex": 0},
				"up": {"uv": [4, 0, 0, 0.75], "rotation": 270, "texture": "#tint", "tintindex": 0},
				"down": {"uv": [0, 0, 4, 0.75], "rotation": 270, "texture": "#tint", "tintindex": 0}
			}
		},
		{
			"from": [3.5, 9.75, 9.5],
			"to": [4.5, 11.75, 11.5],
			"faces": {
				"north": {"uv": [2, 0.75, 4, 0], "rotation": 270, "texture": "#tint", "tintindex": 0},
				"east": {"uv": [0, 4, 2, 2], "rotation": 270, "texture": "#tint", "tintindex": 0},
				"south": {"uv": [2, 2.75, 0, 2], "rotation": 90, "texture": "#tint", "tintindex": 0},
				"west": {"uv": [2, 2, 0, 4], "rotation": 180, "texture": "#tint", "tintindex": 0},
				"up": {"uv": [2, 3, 0, 3.75], "rotation": 270, "texture": "#tint", "tintindex": 0}
			}
		},
		{
			"from": [3.5, 4.75, 6.5],
			"to": [4.5, 6.75, 10.5],
			"faces": {
				"north": {"uv": [0, 0.75, 2, 0], "rotation": 270, "texture": "#tint", "tintindex": 0},
				"east": {"uv": [4, 2, 0, 0], "texture": "#tint", "tintindex": 0},
				"south": {"uv": [2, 3.75, 0, 3], "rotation": 90, "texture": "#tint", "tintindex": 0},
				"west": {"uv": [4, 0, 0, 2], "rotation": 180, "texture": "#tint", "tintindex": 0},
				"up": {"uv": [4, 0, 0, 0.75], "rotation": 270, "texture": "#tint", "tintindex": 0},
				"down": {"uv": [0, 0, 4, 0.75], "rotation": 270, "texture": "#tint", "tintindex": 0}
			}
		},
		{
			"from": [3.5, 6.75, 6.5],
			"to": [4.5, 8.75, 8.5],
			"faces": {
				"north": {"uv": [2, 0.75, 4, 0], "rotation": 270, "texture": "#tint", "tintindex": 0},
				"east": {"uv": [0, 4, 2, 2], "rotation": 270, "texture": "#tint", "tintindex": 0},
				"south": {"uv": [2, 2.75, 0, 2], "rotation": 90, "texture": "#tint", "tintindex": 0},
				"west": {"uv": [2, 2, 0, 4], "rotation": 180, "texture": "#tint", "tintindex": 0},
				"up": {"uv": [2, 3, 0, 3.75], "rotation": 270, "texture": "#tint", "tintindex": 0}
			}
		},
		{
			"from": [3.5, 1.75, 3.5],
			"to": [4.5, 3.75, 7.5],
			"faces": {
				"north": {"uv": [0, 0.75, 2, 0], "rotation": 270, "texture": "#tint", "tintindex": 0},
				"east": {"uv": [4, 2, 0, 0], "texture": "#tint", "tintindex": 0},
				"south": {"uv": [2, 3.75, 0, 3], "rotation": 90, "texture": "#tint", "tintindex": 0},
				"west": {"uv": [4, 0, 0, 2], "rotation": 180, "texture": "#tint", "tintindex": 0},
				"up": {"uv": [4, 0, 0, 0.75], "rotation": 270, "texture": "#tint", "tintindex": 0},
				"down": {"uv": [0, 0, 4, 0.75], "rotation": 270, "texture": "#tint", "tintindex": 0}
			}
		},
		{
			"from": [3.5, 3.75, 3.5],
			"to": [4.5, 5.75, 5.5],
			"faces": {
				"north": {"uv": [2, 0.75, 4, 0], "rotation": 270, "texture": "#tint", "tintindex": 0},
				"east": {"uv": [0, 4, 2, 2], "rotation": 270, "texture": "#tint", "tintindex": 0},
				"south": {"uv": [2, 2.75, 0, 2], "rotation": 90, "texture": "#tint", "tintindex": 0},
				"west": {"uv": [2, 2, 0, 4], "rotation": 180, "texture": "#tint", "tintindex": 0},
				"up": {"uv": [2, 3, 0, 3.75], "rotation": 270, "texture": "#tint", "tintindex": 0}
			}
		},
		{
			"from": [11.5, 1.75, 3.5],
			"to": [12.5, 3.75, 7.5],
			"faces": {
				"north": {"uv": [0, 0.75, 2, 0], "rotation": 270, "texture": "#tint", "tintindex": 0},
				"east": {"uv": [4, 2, 0, 0], "texture": "#tint", "tintindex": 0},
				"south": {"uv": [2, 3.75, 0, 3], "rotation": 90, "texture": "#tint", "tintindex": 0},
				"west": {"uv": [4, 0, 0, 2], "rotation": 180, "texture": "#tint", "tintindex": 0},
				"up": {"uv": [4, 0, 0, 0.75], "rotation": 270, "texture": "#tint", "tintindex": 0},
				"down": {"uv": [0, 0, 4, 0.75], "rotation": 270, "texture": "#tint", "tintindex": 0}
			}
		},
		{
			"from": [11.5, 3.75, 3.5],
			"to": [12.5, 5.75, 5.5],
			"faces": {
				"north": {"uv": [2, 0.75, 4, 0], "rotation": 270, "texture": "#tint", "tintindex": 0},
				"east": {"uv": [0, 4, 2, 2], "rotation": 270, "texture": "#tint", "tintindex": 0},
				"south": {"uv": [2, 2.75, 0, 2], "rotation": 90, "texture": "#tint", "tintindex": 0},
				"west": {"uv": [2, 2, 0, 4], "rotation": 180, "texture": "#tint", "tintindex": 0},
				"up": {"uv": [2, 3, 0, 3.75], "rotation": 270, "texture": "#tint", "tintindex": 0}
			}
		},
		{
			"from": [11.5, 7.75, 9.5],
			"to": [12.5, 9.75, 13.5],
			"faces": {
				"north": {"uv": [0, 0.75, 2, 0], "rotation": 270, "texture": "#tint", "tintindex": 0},
				"east": {"uv": [4, 2, 0, 0], "texture": "#tint", "tintindex": 0},
				"south": {"uv": [2, 3.75, 0, 3], "rotation": 90, "texture": "#tint", "tintindex": 0},
				"west": {"uv": [4, 0, 0, 2], "rotation": 180, "texture": "#tint", "tintindex": 0},
				"up": {"uv": [4, 0, 0, 0.75], "rotation": 270, "texture": "#tint", "tintindex": 0},
				"down": {"uv": [0, 0, 4, 0.75], "rotation": 270, "texture": "#tint", "tintindex": 0}
			}
		},
		{
			"from": [11.5, 9.75, 9.5],
			"to": [12.5, 11.75, 11.5],
			"faces": {
				"north": {"uv": [2, 0.75, 4, 0], "rotation": 270, "texture": "#tint", "tintindex": 0},
				"east": {"uv": [0, 4, 2, 2], "rotation": 270, "texture": "#tint", "tintindex": 0},
				"south": {"uv": [2, 2.75, 0, 2], "rotation": 90, "texture": "#tint", "tintindex": 0},
				"west": {"uv": [2, 2, 0, 4], "rotation": 180, "texture": "#tint", "tintindex": 0},
				"up": {"uv": [2, 3, 0, 3.75], "rotation": 270, "texture": "#tint", "tintindex": 0}
			}
		},
		{
			"from": [11.5, 4.75, 6.5],
			"to": [12.5, 6.75, 10.5],
			"faces": {
				"north": {"uv": [0, 0.75, 2, 0], "rotation": 270, "texture": "#tint", "tintindex": 0},
				"east": {"uv": [4, 2, 0, 0], "texture": "#tint", "tintindex": 0},
				"south": {"uv": [2, 3.75, 0, 3], "rotation": 90, "texture": "#tint", "tintindex": 0},
				"west": {"uv": [4, 0, 0, 2], "rotation": 180, "texture": "#tint", "tintindex": 0},
				"up": {"uv": [4, 0, 0, 0.75], "rotation": 270, "texture": "#tint", "tintindex": 0},
				"down": {"uv": [0, 0, 4, 0.75], "rotation": 270, "texture": "#tint", "tintindex": 0}
			}
		},
		{
			"from": [11.5, 6.75, 6.5],
			"to": [12.5, 8.75, 8.5],
			"faces": {
				"north": {"uv": [2, 0.75, 4, 0], "rotation": 270, "texture": "#tint", "tintindex": 0},
				"east": {"uv": [0, 4, 2, 2], "rotation": 270, "texture": "#tint", "tintindex": 0},
				"south": {"uv": [2, 2.75, 0, 2], "rotation": 90, "texture": "#tint", "tintindex": 0},
				"west": {"uv": [2, 2, 0, 4], "rotation": 180, "texture": "#tint", "tintindex": 0},
				"up": {"uv": [2, 3, 0, 3.75], "rotation": 270, "texture": "#tint", "tintindex": 0}
			}
		},
		{
			"from": [2, 0, 13],
			"to": [14, 1, 15],
			"faces": {
				"north": {"uv": [16, 1, 4, 2], "texture": "#rail"},
				"east": {"uv": [4, 2, 5, 0], "rotation": 90, "texture": "#rail"},
				"south": {"uv": [4, 0, 16, 1], "texture": "#rail"},
				"west": {"uv": [4, 0, 5, 2], "rotation": 90, "texture": "#rail"},
				"up": {"uv": [4, 2, 16, 0], "texture": "#rail"},
				"down": {"uv": [4, 0, 16, 2], "texture": "#rail"}
			}
		},
		{
			"from": [2, 0, 9],
			"to": [14, 1, 11],
			"faces": {
				"north": {"uv": [16, 1, 4, 2], "texture": "#rail"},
				"east": {"uv": [4, 2, 5, 0], "rotation": 90, "texture": "#rail"},
				"south": {"uv": [4, 0, 16, 1], "texture": "#rail"},
				"west": {"uv": [4, 0, 5, 2], "rotation": 90, "texture": "#rail"},
				"up": {"uv": [4, 2, 16, 0], "texture": "#rail"},
				"down": {"uv": [4, 0, 16, 2], "texture": "#rail"}
			}
		},
		{
			"from": [2, 0, 5],
			"to": [14, 1, 7],
			"faces": {
				"north": {"uv": [16, 1, 4, 2], "texture": "#rail"},
				"east": {"uv": [4, 2, 5, 0], "rotation": 90, "texture": "#rail"},
				"south": {"uv": [4, 0, 16, 1], "texture": "#rail"},
				"west": {"uv": [4, 0, 5, 2], "rotation": 90, "texture": "#rail"},
				"up": {"uv": [4, 2, 16, 0], "texture": "#rail"},
				"down": {"uv": [4, 0, 16, 2], "texture": "#rail"}
			}
		},
		{
			"from": [2, 0, 1],
			"to": [14, 1, 3],
			"faces": {
				"north": {"uv": [16, 1, 4, 2], "texture": "#rail"},
				"east": {"uv": [4, 2, 5, 0], "rotation": 90, "texture": "#rail"},
				"south": {"uv": [4, 0, 16, 1], "texture": "#rail"},
				"west": {"uv": [4, 0, 5, 2], "rotation": 90, "texture": "#rail"},
				"up": {"uv": [4, 2, 16, 0], "texture": "#rail"},
				"down": {"uv": [4, 0, 16, 2], "texture": "#rail"}
			}
		},
		{
			"from": [4, 1.1, -0.5],
			"to": [6, 24.1, 0.5],
			"rotation": {"angle": 45, "axis": "x", "origin": [8, 2, 0]},
			"faces": {
				"north": {"uv": [2, 0, 0, 16], "texture": "#rail"},
				"east": {"uv": [2, 0, 1, 16], "texture": "#rail"},
				"south": {"uv": [2, 16, 0, 0], "rotation": 180, "texture": "#rail"},
				"west": {"uv": [1, 16, 0, 0], "rotation": 180, "texture": "#rail"},
				"up": {"uv": [2, 16, 0, 15], "rotation": 180, "texture": "#rail"},
				"down": {"uv": [0, 1, 2, 0], "texture": "#rail"}
			}
		},
		{
			"from": [4, 17, 15.3],
			"to": [6, 18, 16.3],
			"faces": {
				"north": {"uv": [2, 0, 0, 1], "texture": "#rail"},
				"east": {"uv": [1, 1, 2, 0], "rotation": 90, "texture": "#rail"},
				"south": {"uv": [0, 15, 2, 16], "texture": "#rail", "cullface": "up"},
				"west": {"uv": [0, 0, 1, 1], "rotation": 90, "texture": "#rail"},
				"up": {"uv": [0, 1, 2, 0], "texture": "#rail"},
				"down": {"uv": [0, 0, 2, 1], "texture": "#rail"}
			}
		},
		{
			"from": [6, 16.9, 15.5],
			"to": [7, 17.5, 16.3],
			"faces": {
				"east": {"uv": [2, 1, 3, 0], "rotation": 90, "texture": "#rail"},
				"south": {"uv": [2, 15, 3, 16], "texture": "#rail", "cullface": "up"},
				"west": {"uv": [2, 0, 3, 1], "rotation": 90, "texture": "#rail"},
				"up": {"uv": [2, 1, 3, 0], "texture": "#rail"},
				"down": {"uv": [2, 0, 3, 1], "texture": "#rail"}
			}
		},
		{
			"from": [9, 16.9, 15.5],
			"to": [10, 17.5, 16.3],
			"faces": {
				"east": {"uv": [2, 0, 3, 1], "rotation": 90, "texture": "#rail"},
				"south": {"uv": [3, 0, 2, 1], "texture": "#rail", "cullface": "up"},
				"west": {"uv": [2, 1, 3, 0], "rotation": 90, "texture": "#rail"},
				"up": {"uv": [2, 1, 3, 0], "rotation": 180, "texture": "#rail"},
				"down": {"uv": [2, 0, 3, 1], "rotation": 180, "texture": "#rail"}
			}
		},
		{
			"from": [10, 17, 15.3],
			"to": [12, 18, 16.3],
			"faces": {
				"north": {"uv": [0, 15, 2, 16], "texture": "#rail"},
				"east": {"uv": [0, 0, 1, 1], "rotation": 90, "texture": "#rail"},
				"south": {"uv": [2, 0, 0, 1], "texture": "#rail", "cullface": "up"},
				"west": {"uv": [1, 1, 2, 0], "rotation": 90, "texture": "#rail"},
				"up": {"uv": [0, 1, 2, 0], "rotation": 180, "texture": "#rail"},
				"down": {"uv": [0, 0, 2, 1], "rotation": 180, "texture": "#rail"}
			}
		},
		{
			"from": [10, 1.1, -0.5],
			"to": [12, 24.1, 0.5],
			"rotation": {"angle": 45, "axis": "x", "origin": [8, 2, 0]},
			"faces": {
				"north": {"uv": [2, 0, 0, 16], "rotation": 180, "texture": "#rail"},
				"east": {"uv": [1, 16, 0, 0], "texture": "#rail"},
				"south": {"uv": [2, 16, 0, 0], "texture": "#rail"},
				"west": {"uv": [2, 0, 1, 16], "rotation": 180, "texture": "#rail"},
				"up": {"uv": [0, 1, 2, 0], "rotation": 180, "texture": "#rail"},
				"down": {"uv": [2, 16, 0, 15], "texture": "#rail"}
			}
		},
		{
			"from": [9, 1.1, 0],
			"to": [10, 23.9, 0.6],
			"rotation": {"angle": 45, "axis": "x", "origin": [7, 2, 0]},
			"faces": {
				"north": {"uv": [3, 0, 2, 16], "rotation": 180, "texture": "#rail"},
				"east": {"uv": [3, 16, 2, 0], "texture": "#rail"},
				"south": {"uv": [3, 16, 2, 0], "texture": "#rail"},
				"west": {"uv": [3, 0, 2, 16], "rotation": 180, "texture": "#rail"},
				"up": {"uv": [2, 1, 3, 0], "rotation": 180, "texture": "#rail"},
				"down": {"uv": [3, 16, 2, 15], "texture": "#rail"}
			}
		},
		{
			"from": [6, 1.1, 0],
			"to": [7, 23.9, 0.6],
			"rotation": {"angle": 45, "axis": "x", "origin": [9, 2, 0]},
			"faces": {
				"north": {"uv": [3, 0, 2, 16], "texture": "#rail"},
				"east": {"uv": [3, 0, 2, 16], "texture": "#rail"},
				"south": {"uv": [3, 16, 2, 0], "rotation": 180, "texture": "#rail"},
				"west": {"uv": [3, 16, 2, 0], "rotation": 180, "texture": "#rail"},
				"up": {"uv": [3, 16, 2, 15], "rotation": 180, "texture": "#rail"},
				"down": {"uv": [2, 1, 3, 0], "texture": "#rail"}
			}
		},
		{
			"from": [4.5, 1, 1.5],
			"to": [11.5, 16, 14.5],
			"faces": {
				"east": {"uv": [3, 1, 16, 16], "texture": "#stand"},
				"south": {"uv": [11, 1, 4, 16], "texture": "#stand2"},
				"west": {"uv": [16, 1, 3, 16], "texture": "#stand"}
			}
		},
		{
			"from": [6, 1.1, 0.5],
			"to": [10, 23.75, 0.5],
			"rotation": {"angle": 45, "axis": "x", "origin": [10, 2, 0]},
			"faces": {
				"north": {"uv": [4, 0, 0, 16], "texture": "#stand2"},
				"south": {"uv": [4, 16, 0, 0], "rotation": 180, "texture": "#stand2"}
			}
		}
	],
	"groups": [
		{
			"name": "group",
			"origin": [6, 10, 8],
			"color": 0,
			"children": [0, 1, 2, 3, 4, 5, 6, 7, 8, 9, 10, 11]
		},
		12,
		13,
		14,
		15,
		16,
		17,
		18,
		19,
		20,
		21,
		22,
		23,
		24,
		25
	]
}