{
  "item": "lightmanscurrency:block/paygate/create/keyboard_unpowered",
  "dummy": true,
  "models": [
    "lightmanscurrency:block/paygate/create/keyboard_unpowered",
    "lightmanscurrency:block/paygate/create/keyboard_powered"
  ],
  "tooltip_info": {
    "item": true,
    "jade": false,
    "selection": true,
    "tooltip": [
      {
        "translate": "lightmanscurrency.block_variant.modifier",
        "with": [{ "translate": "lightmanscurrency.block_variant.modifier.keyboard" }]
      }
    ]
  }
}