{
  "item": "lightmanscurrency:block/ticket_kiosk/create/gear/item",
  "dummy": true,
  "models": [
    "lightmanscurrency:block/ticket_kiosk/create/gear/bottom",
    "lightmanscurrency:block/ticket_kiosk/create/gear/top"
  ],
  "tooltip_info": {
    "item": false,
    "jade": false,
    "selection": true,
    "tooltip": [
      {
        "translate": "lightmanscurrency.block_variant.modifier",
        "with": [{ "translate": "lightmanscurrency.block_variant.modifier.gear" }]
      }
    ]
  }
}