{
	"format_version": "1.8.0",
	"animations": {
		"static_idle": {
			"loop": true,
			"bones": {
				"root": {
					"rotation": [-8.1093, -0.63423, -37.96303],
					"position": [-5, -3, -3]
				},
				"right": {
					"rotation": [90, 0, 180],
					"position": [-6.5, -5.5, 0],
					"scale": [1, 1.5, 1]
				},
				"left": {
					"rotation": [97.41963, -27.02848, 167.82841],
					"position": [6.5, -13, 0],
					"scale": [1, 1.5, 1]
				}
			}
		},
		"draw": {
			"loop": "hold_on_last_frame",
			"animation_length": 0.75,
			"bones": {
				"root": {
					"rotation": {
						"0.0": [57.80843, 3.81024, -5.74751],
						"0.125": {
							"pre": [9.415, -7.64, -27.91],
							"post": [9.415, -7.64, -27.91],
							"lerp_mode": "catmullrom"
						},
						"0.25": [-3.06866, -15.36166, -41.54122],
						"0.3333": [-3.06866, -15.36166, -37.54122],
						"0.4583": {
							"pre": [-7.71, 0.9075, -8.62],
							"post": [-7.71, 0.9075, -8.62],
							"lerp_mode": "catmullrom"
						},
						"0.5833": {
							"post": [-8.1093, -0.63423, -32.52553],
							"lerp_mode": "catmullrom"
						},
						"0.75": [-8.1093, -0.63423, -37.96303]
					},
					"position": {
						"0.0": [-5, -23, -3],
						"0.125": {
							"pre": [-5, -5.125, -3],
							"post": [-5, -5.125, -3],
							"lerp_mode": "catmullrom"
						},
						"0.2917": [-5, -4, -3],
						"0.375": {
							"pre": [-5, -4, -3],
							"post": [-5, -4, -3],
							"lerp_mode": "catmullrom"
						},
						"0.4583": {
							"post": [-5, -5.625, -3],
							"lerp_mode": "catmullrom"
						},
						"0.5833": {
							"post": [-5, -3, -3],
							"lerp_mode": "catmullrom"
						},
						"0.75": [-5, -3, -3]
					}
				},
				"right": {
					"rotation": {
						"0.0": [90, 0, 180],
						"0.375": [90, 0, 180],
						"0.5833": [90, 0, 180]
					},
					"position": {
						"0.0": [-6.5, -7.5, 0],
						"0.375": [-6.5, -7.5, 0],
						"0.4583": {
							"pre": [-6.99429, -5.98929, -0.01781],
							"post": [-6.99429, -5.98929, -0.01781],
							"lerp_mode": "catmullrom"
						},
						"0.5833": [-6.5, -5.5, 0]
					},
					"scale": [1, 1.5, 1]
				},
				"left": {
					"rotation": {
						"0.0": [106.6113, -22.81051, 146.2403],
						"0.375": [106.61, -22.81, 146.24],
						"0.5833": [97.41963, -27.02848, 167.82841]
					},
					"position": {
						"0.0": [8.25, -11, 0],
						"0.375": [8.25, -11, 0],
						"0.4583": {
							"pre": [9.25, -12.575, 0],
							"post": [9.25, -12.575, 0],
							"lerp_mode": "catmullrom"
						},
						"0.5833": [6.5, -13, 0]
					},
					"scale": [1, 1.5, 1]
				},
				"atomic": {
					"rotation": {
						"0.0": [0, 0, 0],
						"0.0833": [0, 0, 0],
						"0.2083": {
							"pre": [0, 142.6875, 0],
							"post": [0, 142.6875, 0],
							"lerp_mode": "catmullrom"
						},
						"0.2917": [0, 180, 0],
						"0.375": [0, 180, 0],
						"0.5": {
							"pre": [0, 323.5, 0],
							"post": [0, 323.5, 0],
							"lerp_mode": "catmullrom"
						},
						"0.5833": [0, 360, 0]
					}
				},
				"camera": {
					"rotation": {
						"0.0": {
							"post": [0, 0, 0],
							"lerp_mode": "catmullrom"
						},
						"0.125": {
							"post": [-1.53, 0.5, 1],
							"lerp_mode": "catmullrom"
						},
						"0.25": {
							"post": [-0.5, 0, 0],
							"lerp_mode": "catmullrom"
						},
						"0.375": {
							"post": [-0.375, -0.0625, 0],
							"lerp_mode": "catmullrom"
						},
						"0.5417": {
							"post": [0.72, -0.25, 0.5],
							"lerp_mode": "catmullrom"
						},
						"0.75": {
							"post": [0, 0, 0],
							"lerp_mode": "catmullrom"
						}
					}
				}
			}
		},
		"put_away": {
			"loop": "hold_on_last_frame",
			"animation_length": 0.5,
			"bones": {
				"root": {
					"rotation": {
						"0.0": [-8.1093, -0.63423, -37.96303],
						"0.2917": {
							"pre": [52.62093, 3.81024, -5.74751],
							"post": [52.62093, 3.81024, -5.74751],
							"lerp_mode": "catmullrom"
						},
						"0.5": [67.80843, 3.81024, -5.74751]
					},
					"position": {
						"0.0": [-5, -3, -3],
						"0.2917": {
							"pre": [-5, -15.4375, 4.375],
							"post": [-5, -15.4375, 4.375],
							"lerp_mode": "catmullrom"
						},
						"0.5": [-5, -19, 6]
					}
				},
				"right": {
					"rotation": [90, 0, 180],
					"position": [-6.5, -5.5, 0],
					"scale": [1, 1.5, 1]
				},
				"left": {
					"rotation": [97.41963, -27.02848, 167.82841],
					"position": [6.5, -13, 0],
					"scale": [1, 1.5, 1]
				},
				"camera": {
					"rotation": {
						"0.0": {
							"post": [0, 0, 0],
							"lerp_mode": "catmullrom"
						},
						"0.125": {
							"post": [1.5, 0, 0.25],
							"lerp_mode": "catmullrom"
						},
						"0.3333": {
							"post": [0, 0, 0.25],
							"lerp_mode": "catmullrom"
						},
						"0.5": {
							"post": [0, 0, 0],
							"lerp_mode": "catmullrom"
						}
					}
				}
			}
		},
		"melee_stock": {
			"animation_length": 0.8333,
			"bones": {
				"root": {
					"rotation": {
						"0.0": [-8.1093, -0.63423, -37.96303],
						"0.0833": {
							"pre": [-69.69, 3.81, -5.75],
							"post": [-69.69, 3.81, -5.75],
							"lerp_mode": "catmullrom"
						},
						"0.125": {
							"post": [-3.57, -0.17, 0.85],
							"lerp_mode": "catmullrom"
						},
						"0.1667": [70.23869, -4.69708, 3.41729],
						"0.3333": [70.23869, -4.69708, 3.41729],
						"0.5417": {
							"pre": [1.93343, 2.06024, -3.56001],
							"post": [1.93343, 2.06024, -3.56001],
							"lerp_mode": "catmullrom"
						},
						"0.7083": [-8.1093, -0.63423, -37.96303]
					},
					"position": {
						"0.0": [-5, -3, -3],
						"0.0833": {
							"pre": [-5, 4, 3],
							"post": [-5, 4, 3],
							"lerp_mode": "catmullrom"
						},
						"0.125": {
							"post": [-3.5, -9, -12.875],
							"lerp_mode": "catmullrom"
						},
						"0.1667": {
							"post": [-2, -23, -4],
							"lerp_mode": "catmullrom"
						},
						"0.3333": {
							"post": [-2, -23, -4],
							"lerp_mode": "catmullrom"
						},
						"0.5417": {
							"post": [-5, -1.75, -2],
							"lerp_mode": "catmullrom"
						},
						"0.7083": {
							"post": [-5, -3, -3],
							"lerp_mode": "catmullrom"
						},
						"0.8333": [-5, -3, -3]
					}
				},
				"right": {
					"rotation": [90, 0, 180],
					"position": [-6.5, -5.5, 0],
					"scale": [1, 1.5, 1]
				},
				"left": {
					"rotation": [97.41963, -27.02848, 167.82841],
					"position": [6.5, -13, 0],
					"scale": [1, 1.5, 1]
				},
				"camera": {
					"rotation": {
						"0.0": {
							"post": [0, 0, 0],
							"lerp_mode": "catmullrom"
						},
						"0.0833": {
							"post": [-1.5, 1, 2],
							"lerp_mode": "catmullrom"
						},
						"0.2083": {
							"post": [4, -1, 0],
							"lerp_mode": "catmullrom"
						},
						"0.4167": {
							"post": [0.5825, -0.315, 0],
							"lerp_mode": "catmullrom"
						},
						"0.625": {
							"post": [-0.1075, -0.04, 0],
							"lerp_mode": "catmullrom"
						},
						"0.8333": {
							"post": [0, 0, 0],
							"lerp_mode": "catmullrom"
						}
					}
				}
			}
		},
		"run_start": {
			"loop": "hold_on_last_frame",
			"animation_length": 0.5,
			"bones": {
				"root": {
					"rotation": {
						"0.0": [0, 0, 0],
						"0.2917": [0, 0, 0],
						"0.4167": {
							"pre": [-30.875, 11.5, 31.0625],
							"post": [-30.875, 11.5, 31.0625],
							"lerp_mode": "catmullrom"
						},
						"0.5": [-37.5, 15, 37.5]
					},
					"position": {
						"0.0": [0, 0, 0],
						"0.125": {
							"pre": [0, 1.5, 0],
							"post": [0, 1.5, 0],
							"lerp_mode": "catmullrom"
						},
						"0.25": {
							"post": [-0.1875, -2, 0],
							"lerp_mode": "catmullrom"
						},
						"0.3333": {
							"post": [-2, -1.25, 0.1875],
							"lerp_mode": "catmullrom"
						},
						"0.4167": {
							"post": [-3.3125, 1.5625, 1.4375],
							"lerp_mode": "catmullrom"
						},
						"0.5": [-4, 2.5, 2]
					}
				},
				"atomic": {
					"rotation": {
						"0.0": [0, 0, 0],
						"0.125": {
							"pre": [0, 296.8125, 0],
							"post": [0, 296.8125, 0],
							"lerp_mode": "catmullrom"
						},
						"0.25": [0, 360, 0]
					}
				},
				"right": {
					"rotation": {
						"0.0": [0, 0, 0],
						"0.0417": [0, 0, 0],
						"0.125": {
							"pre": [0, 7.5, 10],
							"post": [0, 7.5, 10],
							"lerp_mode": "catmullrom"
						},
						"0.2917": [0, 0, 0]
					},
					"position": {
						"0.0": [0, 0, 0],
						"0.125": {
							"pre": [-0.5, 0.875, 0],
							"post": [-0.5, 0.875, 0],
							"lerp_mode": "catmullrom"
						},
						"0.2917": [0, 1, 0]
					}
				},
				"left": {
					"rotation": {
						"0.0": [0, 0, 0],
						"0.125": {
							"pre": [7.5, -8, 0],
							"post": [7.5, -8, 0],
							"lerp_mode": "catmullrom"
						},
						"0.2917": [0, 0, 0]
					},
					"position": {
						"0.0": [0, 0, 0],
						"0.125": {
							"pre": [0.29, -0.4225, 0],
							"post": [0.29, -0.4225, 0],
							"lerp_mode": "catmullrom"
						},
						"0.2917": [-0.5, -2, 0]
					}
				}
			}
		},
		"run_hold": {
			"loop": true,
			"bones": {
				"root": {
					"rotation": [-37.5, 15, 37.5],
					"position": [-4, 1.5, 2]
				},
				"right": {
					"rotation": [0, 0, 0],
					"position": [0, 1, 0]
				},
				"left": {
					"rotation": [0, 0, 0],
					"position": [-0.5, -2, 0]
				}
			}
		},
		"run": {
			"loop": true,
			"animation_length": 0.6667,
			"bones": {
				"root": {
					"rotation": {
						"0.0": {
							"post": [-37.5, 15, 37.5],
							"lerp_mode": "catmullrom"
						},
						"0.125": {
							"post": [-32.5, 15, 37.5],
							"lerp_mode": "catmullrom"
						},
						"0.3333": {
							"post": [-37.5, 15, 37.5],
							"lerp_mode": "catmullrom"
						},
						"0.4583": {
							"post": [-32.5, 15, 37.5],
							"lerp_mode": "catmullrom"
						},
						"0.6667": {
							"post": [-37.5, 15, 37.5],
							"lerp_mode": "catmullrom"
						}
					},
					"position": {
						"0.0": {
							"post": [-4, 1.5, 2],
							"lerp_mode": "catmullrom"
						},
						"0.125": {
							"post": [-3.25, 0.5, 2],
							"lerp_mode": "catmullrom"
						},
						"0.3333": {
							"post": [-3, 1.5, 2],
							"lerp_mode": "catmullrom"
						},
						"0.4583": {
							"post": [-3.75, 0.5, 2],
							"lerp_mode": "catmullrom"
						},
						"0.6667": {
							"post": [-4, 1.5, 2],
							"lerp_mode": "catmullrom"
						}
					}
				},
				"right": {
					"rotation": [0, 0, 0],
					"position": [0, 1, 0]
				},
				"left": {
					"rotation": [0, 0, 0],
					"position": [-0.5, -2, 0]
				}
			}
		},
		"run_end": {
			"loop": "hold_on_last_frame",
			"animation_length": 0.25,
			"bones": {
				"root": {
					"rotation": {
						"0.0": [-37.5, 15, 37.5],
						"0.125": {
							"pre": [-5.875, 2.5625, 5.5625],
							"post": [-5.875, 2.5625, 5.5625],
							"lerp_mode": "catmullrom"
						},
						"0.25": [0, 0, 0]
					},
					"position": {
						"0.0": [-4, 2.5, 2],
						"0.125": {
							"pre": [-0.5, 0.3125, 0.25],
							"post": [-0.5, 0.3125, 0.25],
							"lerp_mode": "catmullrom"
						},
						"0.25": [0, 0, 0]
					}
				},
				"right": {
					"rotation": {
						"0.0": [0, 0, 0],
						"0.125": {
							"pre": [0, 0, 0],
							"post": [0, 0, 0],
							"lerp_mode": "catmullrom"
						},
						"0.25": [0, 0, 0]
					},
					"position": {
						"0.0": [0, 1, 0],
						"0.125": {
							"pre": [0, 0.125, 0],
							"post": [0, 0.125, 0],
							"lerp_mode": "catmullrom"
						},
						"0.25": [0, 0, 0]
					}
				},
				"left": {
					"rotation": {
						"0.0": [0, 0, 0],
						"0.125": {
							"pre": [0, 0, 0],
							"post": [0, 0, 0],
							"lerp_mode": "catmullrom"
						},
						"0.25": [0, 0, 0]
					},
					"position": {
						"0.0": [-0.5, -2, 0],
						"0.125": {
							"pre": [-0.125, -0.375, 0],
							"post": [-0.125, -0.375, 0],
							"lerp_mode": "catmullrom"
						},
						"0.25": [0, 0, 0]
					}
				}
			}
		},
		"shoot": {
			"loop": true
		},
		"melee_bayonet_1": {
			"animation_length": 0.75,
			"bones": {
				"root": {
					"rotation": {
						"0.0": [-8.1093, -0.63423, -37.96303],
						"0.125": {
							"pre": [68.43993, -9.98377, 7.35749],
							"post": [68.43993, -9.98377, 7.35749],
							"lerp_mode": "catmullrom"
						},
						"0.2083": {
							"post": [71.12932, -7.79263, 6.13466],
							"lerp_mode": "catmullrom"
						},
						"0.2917": [68.62932, -7.79263, 6.13466],
						"0.3333": [68.62932, -7.79263, 6.13466],
						"0.5": {
							"pre": [3.0675, -0.0275, -1.815],
							"post": [3.0675, -0.0275, -1.815],
							"lerp_mode": "catmullrom"
						},
						"0.625": [-8.1093, -0.63423, -37.96303]
					},
					"position": {
						"0.0": [-5, -3, -3],
						"0.125": {
							"pre": [-5, -4, 8],
							"post": [-5, -4, 8],
							"lerp_mode": "catmullrom"
						},
						"0.2083": {
							"post": [-5, -5, -7],
							"lerp_mode": "catmullrom"
						},
						"0.3333": {
							"post": [-5, -5, -7],
							"lerp_mode": "catmullrom"
						},
						"0.4583": [-5, -4.5, -2.4375],
						"0.5": [-5, -4.5, -2.4375],
						"0.5833": {
							"pre": [-5, -3.8125, -2.875],
							"post": [-5, -3.8125, -2.875],
							"lerp_mode": "catmullrom"
						},
						"0.6667": {
							"post": [-5, -3.1875, -3.0625],
							"lerp_mode": "catmullrom"
						},
						"0.75": [-5, -3, -3]
					}
				},
				"right": {
					"rotation": {
						"0.0": [90, 0, 180],
						"0.125": [153.60782, -18.05776, 188.74472],
						"0.4583": [155.60782, -18.05776, 188.74472],
						"0.5833": [90, 0, 180]
					},
					"position": [-6.5, -5.5, 0],
					"scale": [1, 1.5, 1]
				},
				"left": {
					"rotation": {
						"0.0": [97.41963, -27.02848, 167.82841],
						"0.5833": [97.41963, -27.02848, 167.82841]
					},
					"position": {
						"0.0": [6.5, -13, 0],
						"0.0833": [18.25, -9, 0],
						"0.375": [18.25, -9, 0],
						"0.5833": [6.5, -13, 0]
					},
					"scale": {
						"0.0": [1, 1.5, 1],
						"0.0833": [1, 1.5, 1],
						"0.125": [0, 0, 0],
						"0.4167": [0, 0, 0],
						"0.4583": [1, 1.5, 1]
					}
				},
				"camera": {
					"rotation": {
						"0.0": {
							"post": [0, 0, 0],
							"lerp_mode": "catmullrom"
						},
						"0.125": {
							"post": [1, 1, 0.5],
							"lerp_mode": "catmullrom"
						},
						"0.2083": {
							"post": [-0.5, -1, -0.75],
							"lerp_mode": "catmullrom"
						},
						"0.375": {
							"post": [-0.5, -1, 0],
							"lerp_mode": "catmullrom"
						},
						"0.5": {
							"post": [-0.1, -0.2, 0],
							"lerp_mode": "catmullrom"
						},
						"0.75": {
							"post": [0, 0, 0],
							"lerp_mode": "catmullrom"
						}
					}
				},
				"atomic": {
					"position": {
						"0.125": [0, 0, 0],
						"0.1667": [0, 4, 0],
						"0.4167": [0, 4, 0],
						"0.5833": [0, 0, 0]
					}
				}
			}
		},
		"melee_bayonet_2": {
			"animation_length": 0.75,
			"bones": {
				"root": {
					"rotation": {
						"0.0": [-8.1093, -0.63423, -37.96303],
						"0.125": {
							"pre": [-63.25832, -10.06897, 36.05062],
							"post": [-63.25832, -10.06897, 36.05062],
							"lerp_mode": "catmullrom"
						},
						"0.1667": {
							"post": [22.3375, -10.94, 38.66],
							"lerp_mode": "catmullrom"
						},
						"0.2083": {
							"post": [58.30418, -10.06897, 36.05062],
							"lerp_mode": "catmullrom"
						},
						"0.2917": [74.24168, -10.06897, 36.05062],
						"0.3333": [74.24168, -10.06897, 36.05062],
						"0.5417": {
							"pre": [9.4425, -0.0275, -23.3775],
							"post": [9.4425, -0.0275, -23.3775],
							"lerp_mode": "catmullrom"
						},
						"0.6667": [-8.1093, -0.63423, -37.96303]
					},
					"position": {
						"0.0": [-5, -3, -3],
						"0.125": {
							"pre": [10, 6, -1],
							"post": [10, 6, -1],
							"lerp_mode": "catmullrom"
						},
						"0.2083": {
							"post": [-29, -17, -7],
							"lerp_mode": "catmullrom"
						},
						"0.3333": {
							"post": [-29, -17, -7],
							"lerp_mode": "catmullrom"
						},
						"0.4583": {
							"post": [-8, -5.5, -3.625],
							"lerp_mode": "catmullrom"
						},
						"0.5833": {
							"post": [-5, -3.8125, -2.875],
							"lerp_mode": "catmullrom"
						},
						"0.6667": {
							"post": [-5, -3.1875, -3.0625],
							"lerp_mode": "catmullrom"
						},
						"0.75": [-5, -3, -3]
					}
				},
				"right": {
					"rotation": {
						"0.0": [90, 0, 180],
						"0.125": [90, 0, 180],
						"0.3333": [90, 0, 180],
						"0.6667": [90, 0, 180]
					},
					"position": {
						"0.0": [-6.5, -5.5, 0],
						"0.0417": {
							"pre": [-8.5, -8.16, 0],
							"post": [-8.5, -8.16, 0],
							"lerp_mode": "catmullrom"
						},
						"0.0833": {
							"post": [-8.5, -10.83, 0],
							"lerp_mode": "catmullrom"
						},
						"0.125": [-6.5, -13.5, 0],
						"0.3333": [-6.5, -13.5, 0],
						"0.5": {
							"pre": [-8.5, -8.7, 0],
							"post": [-8.5, -8.7, 0],
							"lerp_mode": "catmullrom"
						},
						"0.6667": [-6.5, -5.5, 0]
					},
					"scale": [1, 1.5, 1]
				},
				"left": {
					"rotation": {
						"0.0": [97.41963, -27.02848, 167.82841],
						"0.125": [120.3785, -35.79131, 162.17084],
						"0.3333": [120.3785, -35.79131, 162.17084],
						"0.625": [97.41963, -27.02848, 167.82841]
					},
					"position": {
						"0.0": [6.5, -13, 0],
						"0.125": [6, -6, -0.5],
						"0.3333": [6, -6, -0.5],
						"0.625": [6.5, -13, 0]
					},
					"scale": [1, 1.5, 1]
				},
				"camera": {
					"rotation": {
						"0.0": {
							"post": [0, 0, 0],
							"lerp_mode": "catmullrom"
						},
						"0.125": {
							"post": [-1.5, -0.75, -0.75],
							"lerp_mode": "catmullrom"
						},
						"0.2083": {
							"post": [1, 1, 0.75],
							"lerp_mode": "catmullrom"
						},
						"0.375": {
							"post": [1, 1, 0],
							"lerp_mode": "catmullrom"
						},
						"0.5": {
							"post": [0.125, 0.125, 0],
							"lerp_mode": "catmullrom"
						},
						"0.75": {
							"post": [0, 0, 0],
							"lerp_mode": "catmullrom"
						}
					}
				}
			}
		},
		"melee_bayonet_3": {
			"animation_length": 0.75,
			"bones": {
				"root": {
					"rotation": {
						"0.0": [-8.1093, -0.63423, -37.96303],
						"0.125": {
							"pre": [-56.46644, 22.69618, 101.59425],
							"post": [-56.46644, 22.69618, 101.59425],
							"lerp_mode": "catmullrom"
						},
						"0.2083": {
							"post": [81.82942, -13.36451, 120.43355],
							"lerp_mode": "catmullrom"
						},
						"0.3333": [81.82942, -13.36451, 120.43355],
						"0.375": [81.82942, -13.36451, 120.43355],
						"0.4583": {
							"pre": [9.4425, -0.0275, 48.9975],
							"post": [9.4425, -0.0275, 48.9975],
							"lerp_mode": "catmullrom"
						},
						"0.5417": {
							"post": [-4.93, -0.1275, -19.905],
							"lerp_mode": "catmullrom"
						},
						"0.6667": [-8.1093, -0.63423, -37.96303]
					},
					"position": {
						"0.0": [-5, -3, -3],
						"0.125": {
							"pre": [12, -5, -6],
							"post": [12, -5, -6],
							"lerp_mode": "catmullrom"
						},
						"0.1667": {
							"post": [-4.1875, 1.5, -6],
							"lerp_mode": "catmullrom"
						},
						"0.2083": {
							"post": [-29, 11, -2],
							"lerp_mode": "catmullrom"
						},
						"0.375": {
							"post": [-29, 11, -2],
							"lerp_mode": "catmullrom"
						},
						"0.4583": {
							"post": [-8, -1, -3.625],
							"lerp_mode": "catmullrom"
						},
						"0.5417": {
							"post": [-5, -6.25, -2.875],
							"lerp_mode": "catmullrom"
						},
						"0.6667": {
							"post": [-5, -4.25, -3.0625],
							"lerp_mode": "catmullrom"
						},
						"0.75": [-5, -3, -3]
					}
				},
				"right": {
					"rotation": [90, 0, 180],
					"position": [-6.5, -5.5, 0],
					"scale": [1, 1.5, 1]
				},
				"left": {
					"rotation": [97.41963, -27.02848, 167.82841],
					"position": [6.5, -13, 0],
					"scale": [1, 1.5, 1]
				},
				"camera": {
					"rotation": {
						"0.0": {
							"post": [0, 0, 0],
							"lerp_mode": "catmullrom"
						},
						"0.125": {
							"post": [0.5, -1, -0.5],
							"lerp_mode": "catmullrom"
						},
						"0.2083": {
							"post": [-0.75, 1.5, 0.75],
							"lerp_mode": "catmullrom"
						},
						"0.375": {
							"post": [-0.75, 1.5, 0],
							"lerp_mode": "catmullrom"
						},
						"0.5": {
							"post": [-0.125, 0.25, 0],
							"lerp_mode": "catmullrom"
						},
						"0.75": {
							"post": [0, 0, 0],
							"lerp_mode": "catmullrom"
						}
					}
				}
			}
		},
		"inspect": {
			"loop": "hold_on_last_frame",
			"animation_length": 3,
			"bones": {
				"root": {
					"rotation": {
						"0.0": [-8.1093, -0.63423, -37.96303],
						"0.125": {
							"pre": [-0.1571, -29.05676, -24.79626],
							"post": [-0.1571, -29.05676, -24.79626],
							"lerp_mode": "catmullrom"
						},
						"0.25": {
							"post": [0.9679, -36.99426, -21.67126],
							"lerp_mode": "catmullrom"
						},
						"0.4583": [1.1554, -36.99426, -21.67126],
						"0.5": [1.1554, -36.99426, -21.67126],
						"0.7083": [1.16, -36.99, -21.67],
						"0.875": [1.1554, -36.99426, -21.67126],
						"1.0": {
							"pre": [-1.2975, -22.77, 0.57],
							"post": [-1.2975, -22.77, 0.57],
							"lerp_mode": "catmullrom"
						},
						"1.125": [-7.3779, 19.45149, 70.80358],
						"1.2083": [-7.3779, 19.45149, 70.80358],
						"1.4167": {
							"pre": [-14.9949, 14.51516, 45.14941],
							"post": [-14.9949, 14.51516, 45.14941],
							"lerp_mode": "catmullrom"
						},
						"1.5833": {
							"post": [-7.3779, 19.45149, 70.80358],
							"lerp_mode": "catmullrom"
						},
						"2.4583": [-7.3779, 19.45149, 70.80358],
						"2.5": [-7.3779, 19.45149, 70.80358],
						"2.7917": {
							"pre": [-7.27, 6.705, 9.025],
							"post": [-7.27, 6.705, 9.025],
							"lerp_mode": "catmullrom"
						},
						"3.0": [-8.1093, -0.63423, -37.96303]
					},
					"position": {
						"0.0": [-5, -3, -3],
						"0.0833": {
							"pre": [-3.5, -3.5, -3],
							"post": [-3.5, -3.5, -3],
							"lerp_mode": "catmullrom"
						},
						"0.25": {
							"post": [-3, -3, -3],
							"lerp_mode": "catmullrom"
						},
						"0.4583": [-3, -3, -3],
						"0.5": [-3, -3, -3],
						"0.7083": [-3, -3, -3],
						"0.875": {
							"pre": [-3, -4, -3],
							"post": [-3, -4, -3],
							"lerp_mode": "catmullrom"
						},
						"1.0833": [-2, -3, -3],
						"1.125": [-2, -3, -3],
						"1.2083": {
							"pre": [-2, -3.25, -3],
							"post": [-2, -3.25, -3],
							"lerp_mode": "catmullrom"
						},
						"1.4583": {
							"post": [-2, -2.935, -3],
							"lerp_mode": "catmullrom"
						},
						"1.5833": {
							"post": [-2, -3, -3],
							"lerp_mode": "catmullrom"
						},
						"1.6667": {
							"post": [-2, -3.25, -3],
							"lerp_mode": "catmullrom"
						},
						"2.0": {
							"post": [-2, -3, -3],
							"lerp_mode": "catmullrom"
						},
						"2.4583": [-2, -3, -3],
						"2.5": [-2, -3, -3],
						"2.7917": {
							"pre": [-4.4375, -3, -3],
							"post": [-4.4375, -3, -3],
							"lerp_mode": "catmullrom"
						},
						"3.0": [-5, -3, -3]
					}
				},
				"right": {
					"rotation": [90, 0, 180],
					"position": {
						"0.0": [-6.5, -5.5, 0],
						"0.7083": [-6.5, -5.5, 0],
						"0.875": {
							"pre": [-6.5, -10.1875, 0],
							"post": [-6.5, -10.1875, 0],
							"lerp_mode": "catmullrom"
						},
						"1.0": [-6.5, -11.5, 0],
						"2.5": [-6.5, -11.5, 0],
						"2.7917": {
							"pre": [-7.5, -6.8125, 0],
							"post": [-7.5, -6.8125, 0],
							"lerp_mode": "catmullrom"
						},
						"3.0": [-6.5, -5.5, 0]
					},
					"scale": [1, 1.5, 1]
				},
				"left": {
					"rotation": {
						"0.0": [97.41963, -27.02848, 167.82841],
						"0.25": [106.61, -22.81, 146.24],
						"0.5": [106.61, -22.81, 146.24],
						"0.875": [106.61, -22.81, 146.24],
						"1.125": [98.26993, -20.87575, 55.21943],
						"1.2083": [98.26993, -20.87575, 55.21943],
						"1.4167": {
							"pre": [87.27975, -17.22409, 84.54068],
							"post": [87.27975, -17.22409, 84.54068],
							"lerp_mode": "catmullrom"
						},
						"1.5833": [98.26993, -20.87575, 55.21943],
						"2.5": [98.26993, -20.87575, 55.21943],
						"2.7917": {
							"pre": [103.14, -22, 131.1225],
							"post": [103.14, -22, 131.1225],
							"lerp_mode": "catmullrom"
						},
						"3.0": [97.41963, -27.02848, 167.82841]
					},
					"position": {
						"0.0": [6.5, -13, 0],
						"0.5": [16.25, -17, 4],
						"0.875": [16.25, -17, 4],
						"1.0": {
							"pre": [10.455, -10.67, 1.33],
							"post": [10.455, -10.67, 1.33],
							"lerp_mode": "catmullrom"
						},
						"1.125": [9.25, 0, 0],
						"1.2083": [9.25, 0, 0],
						"1.4167": {
							"pre": [11.30896, -1.90582, 1.06234],
							"post": [11.30896, -1.90582, 1.06234],
							"lerp_mode": "catmullrom"
						},
						"1.5833": [9.25, 0, 0],
						"2.4583": [9.25, 0, 0],
						"2.5": [9.25, 0, 0],
						"2.7917": {
							"pre": [8.4825, -7.6875, 0],
							"post": [8.4825, -7.6875, 0],
							"lerp_mode": "catmullrom"
						},
						"3.0": [6.5, -13, 0]
					},
					"scale": [1, 1.5, 1]
				},
				"camera": {
					"rotation": {
						"0.0": {
							"post": [0, 0, 0],
							"lerp_mode": "catmullrom"
						},
						"0.25": {
							"post": [0.8125, 0, 0.5],
							"lerp_mode": "catmullrom"
						},
						"0.5": {
							"post": [1, 0, 0],
							"lerp_mode": "catmullrom"
						},
						"0.9167": {
							"post": [1, 0, 0],
							"lerp_mode": "catmullrom"
						},
						"1.1667": {
							"post": [2, 0, 0.25],
							"lerp_mode": "catmullrom"
						},
						"1.4583": {
							"post": [1.75, 0, 0],
							"lerp_mode": "catmullrom"
						},
						"1.5833": {
							"post": [2, 0, 0.25],
							"lerp_mode": "catmullrom"
						},
						"2.0": {
							"post": [1.75, 0, 0],
							"lerp_mode": "catmullrom"
						},
						"2.5417": {
							"post": [1.5, 0, 0],
							"lerp_mode": "catmullrom"
						},
						"3.0": {
							"post": [0, 0, 0],
							"lerp_mode": "catmullrom"
						}
					}
				}
			}
		},
		"inspect_empty": {
			"loop": "hold_on_last_frame",
			"animation_length": 3,
			"bones": {
				"root": {
					"rotation": {
						"0.0": [-8.1093, -0.63423, -37.96303],
						"0.125": {
							"pre": [-0.1571, -29.05676, -24.79626],
							"post": [-0.1571, -29.05676, -24.79626],
							"lerp_mode": "catmullrom"
						},
						"0.25": {
							"post": [0.9679, -36.99426, -21.67126],
							"lerp_mode": "catmullrom"
						},
						"0.4583": [1.1554, -36.99426, -21.67126],
						"0.5": [1.1554, -36.99426, -21.67126],
						"0.7083": [1.16, -36.99, -21.67],
						"0.875": [1.1554, -36.99426, -21.67126],
						"1.0": {
							"pre": [-1.2975, -22.77, 0.57],
							"post": [-1.2975, -22.77, 0.57],
							"lerp_mode": "catmullrom"
						},
						"1.125": [-7.3779, 19.45149, 70.80358],
						"1.2083": [-7.3779, 19.45149, 70.80358],
						"1.4167": {
							"pre": [-14.9949, 14.51516, 45.14941],
							"post": [-14.9949, 14.51516, 45.14941],
							"lerp_mode": "catmullrom"
						},
						"1.5833": {
							"post": [-7.3779, 19.45149, 70.80358],
							"lerp_mode": "catmullrom"
						},
						"2.4583": [-7.3779, 19.45149, 70.80358],
						"2.5": [-7.3779, 19.45149, 70.80358],
						"2.7917": {
							"pre": [-7.27, 6.705, 9.025],
							"post": [-7.27, 6.705, 9.025],
							"lerp_mode": "catmullrom"
						},
						"3.0": [-8.1093, -0.63423, -37.96303]
					},
					"position": {
						"0.0": [-5, -3, -3],
						"0.0833": {
							"pre": [-3.5, -3.5, -3],
							"post": [-3.5, -3.5, -3],
							"lerp_mode": "catmullrom"
						},
						"0.25": {
							"post": [-3, -3, -3],
							"lerp_mode": "catmullrom"
						},
						"0.4583": [-3, -3, -3],
						"0.5": [-3, -3, -3],
						"0.7083": [-3, -3, -3],
						"0.875": {
							"pre": [-3, -4, -3],
							"post": [-3, -4, -3],
							"lerp_mode": "catmullrom"
						},
						"1.0833": [-2, -3, -3],
						"1.125": [-2, -3, -3],
						"1.2083": {
							"pre": [-2, -3.25, -3],
							"post": [-2, -3.25, -3],
							"lerp_mode": "catmullrom"
						},
						"1.4583": {
							"post": [-2, -2.935, -3],
							"lerp_mode": "catmullrom"
						},
						"1.5833": {
							"post": [-2, -3, -3],
							"lerp_mode": "catmullrom"
						},
						"1.6667": {
							"post": [-2, -3.25, -3],
							"lerp_mode": "catmullrom"
						},
						"2.0": {
							"post": [-2, -3, -3],
							"lerp_mode": "catmullrom"
						},
						"2.4583": [-2, -3, -3],
						"2.5": [-2, -3, -3],
						"2.7917": {
							"pre": [-4.4375, -3, -3],
							"post": [-4.4375, -3, -3],
							"lerp_mode": "catmullrom"
						},
						"3.0": [-5, -3, -3]
					}
				},
				"right": {
					"rotation": [90, 0, 180],
					"position": {
						"0.0": [-6.5, -5.5, 0],
						"0.7083": [-6.5, -5.5, 0],
						"0.875": {
							"pre": [-6.5, -10.1875, 0],
							"post": [-6.5, -10.1875, 0],
							"lerp_mode": "catmullrom"
						},
						"1.0": [-6.5, -11.5, 0],
						"2.5": [-6.5, -11.5, 0],
						"2.7917": {
							"pre": [-7.5, -6.8125, 0],
							"post": [-7.5, -6.8125, 0],
							"lerp_mode": "catmullrom"
						},
						"3.0": [-6.5, -5.5, 0]
					},
					"scale": [1, 1.5, 1]
				},
				"left": {
					"rotation": {
						"0.0": [97.41963, -27.02848, 167.82841],
						"0.25": [106.61, -22.81, 146.24],
						"0.5": [106.61, -22.81, 146.24],
						"0.875": [106.61, -22.81, 146.24],
						"1.125": [98.26993, -20.87575, 55.21943],
						"1.2083": [98.26993, -20.87575, 55.21943],
						"1.4167": {
							"pre": [87.27975, -17.22409, 84.54068],
							"post": [87.27975, -17.22409, 84.54068],
							"lerp_mode": "catmullrom"
						},
						"1.5833": [98.26993, -20.87575, 55.21943],
						"2.5": [98.26993, -20.87575, 55.21943],
						"2.7917": {
							"pre": [103.14, -22, 131.1225],
							"post": [103.14, -22, 131.1225],
							"lerp_mode": "catmullrom"
						},
						"3.0": [97.41963, -27.02848, 167.82841]
					},
					"position": {
						"0.0": [6.5, -13, 0],
						"0.5": [16.25, -17, 4],
						"0.875": [16.25, -17, 4],
						"1.0": {
							"pre": [10.455, -10.67, 1.33],
							"post": [10.455, -10.67, 1.33],
							"lerp_mode": "catmullrom"
						},
						"1.125": [9.25, 0, 0],
						"1.2083": [9.25, 0, 0],
						"1.4167": {
							"pre": [11.30896, -1.90582, 1.06234],
							"post": [11.30896, -1.90582, 1.06234],
							"lerp_mode": "catmullrom"
						},
						"1.5833": [9.25, 0, 0],
						"2.4583": [9.25, 0, 0],
						"2.5": [9.25, 0, 0],
						"2.7917": {
							"pre": [8.4825, -7.6875, 0],
							"post": [8.4825, -7.6875, 0],
							"lerp_mode": "catmullrom"
						},
						"3.0": [6.5, -13, 0]
					},
					"scale": [1, 1.5, 1]
				},
				"camera": {
					"rotation": {
						"0.0": {
							"post": [0, 0, 0],
							"lerp_mode": "catmullrom"
						},
						"0.25": {
							"post": [0.8125, 0, 0.5],
							"lerp_mode": "catmullrom"
						},
						"0.5": {
							"post": [1, 0, 0],
							"lerp_mode": "catmullrom"
						},
						"0.9167": {
							"post": [1, 0, 0],
							"lerp_mode": "catmullrom"
						},
						"1.1667": {
							"post": [2, 0, 0.25],
							"lerp_mode": "catmullrom"
						},
						"1.4583": {
							"post": [1.75, 0, 0],
							"lerp_mode": "catmullrom"
						},
						"1.5833": {
							"post": [2, 0, 0.25],
							"lerp_mode": "catmullrom"
						},
						"2.0": {
							"post": [1.75, 0, 0],
							"lerp_mode": "catmullrom"
						},
						"2.5417": {
							"post": [1.5, 0, 0],
							"lerp_mode": "catmullrom"
						},
						"3.0": {
							"post": [0, 0, 0],
							"lerp_mode": "catmullrom"
						}
					}
				}
			}
		}
	}
}