{
  "__comment__": "This file was automatically created by mcresources",
  "loader": "forge:separate_transforms",
  "gui_light": "front",
  "base": {
    "parent": "tfc:item/stone/javelin/sedimentary_throwing_base"
  },
  "perspectives": {
    "none": {
      "parent": "tfc:item/stone/javelin/sedimentary_gui"
    },
    "fixed": {
      "parent": "tfc:item/stone/javelin/sedimentary_gui"
    },
    "ground": {
      "parent": "tfc:item/stone/javelin/sedimentary_gui"
    },
    "gui": {
      "parent": "tfc:item/stone/javelin/sedimentary_gui"
    }
  }
}