{
	"credit": "Made with Blockbench",
	"render_type": "cutout",
	"texture_size": [64, 64],
	"textures": {
		"interior": "lightmanscurrency:block/vending_machine/create/footless/interior",
		"keyboard": "lightmanscurrency:block/vending_machine/create/machine_keyboard",
		"particle": "#exterior"
	},
	"elements": [
		{
			"name": "Base",
			"from": [0, 0, 0],
			"to": [16, 16, 16],
			"faces": {
				"north": {"uv": [8, 4, 12, 8], "texture": "#exterior"},
				"east": {"uv": [4, 4, 8, 8], "texture": "#exterior"},
				"south": {"uv": [0, 4, 4, 8], "texture": "#exterior"},
				"west": {"uv": [12, 4, 16, 8], "texture": "#exterior"},
				"up": {"uv": [0, 0, 4, 4], "texture": "#exterior"}
			}
		},
		{
			"name": "Base-Inside",
			"neoforge_data": {"block_light": 10, "ambient_occlusion": false},
			"from": [12, 0, 1],
			"to": [1, 14, 16],
			"faces": {
				"north": {"uv": [3.75, 4, 6.5, 7.5], "texture": "#interior"},
				"east": {"uv": [0, 4, 3.75, 7.5], "texture": "#interior"},
				"west": {"uv": [6.5, 4, 10.25, 7.5], "texture": "#interior"},
				"up": {"uv": [0, 0, 2.75, 3.75], "texture": "#interior"}
			}
		},
		{
			"name": "Glass-Depth",
			"neoforge_data": {"block_light": 5},
			"from": [1.99, 0, 16],
			"to": [11.01, 13.01, 15],
			"faces": {
				"east": {"uv": [3, 4.75, 2.75, 8], "texture": "#exterior"},
				"west": {"uv": [0.25, 4.75, 0.5, 8], "texture": "#exterior"},
				"up": {"uv": [0.5, 4.5, 2.75, 4.75], "texture": "#exterior"}
			}
		},
		{
			"name": "Keyboard",
			"neoforge_data": {"block_light": 10, "ambient_occlusion": false},
			"shade": false,
			"from": [12.99, 4.99, 16],
			"to": [15.01, 8.01, 15.5],
			"faces": {
				"east": {"uv": [3.75, 6, 4, 6.75], "texture": "#exterior"},
				"south": {"uv": [0, 0, 8, 12], "texture": "#keyboard", "neoforge_data": {"block_light": 15, "ambient_occlusion": false}},
				"west": {"uv": [3, 6, 3.25, 6.75], "texture": "#exterior"},
				"up": {"uv": [3.25, 5.75, 3.75, 6], "texture": "#exterior"},
				"down": {"uv": [3.25, 6.75, 3.75, 7], "texture": "#exterior"}
			}
		},
		{
			"name": "Shelf-2",
			"neoforge_data": {"block_light": 10, "ambient_occlusion": false},
			"from": [1, 1, 1],
			"to": [12, 2, 11],
			"faces": {
				"south": {"uv": [0, 12.25, 2.75, 12.5], "texture": "#interior"},
				"up": {"uv": [0, 9.75, 2.75, 12.25], "texture": "#interior"},
				"down": {"uv": [2.75, 9.75, 5.5, 12.25], "texture": "#interior"}
			}
		},
		{
			"name": "Shelf-3",
			"neoforge_data": {"block_light": 10, "ambient_occlusion": false},
			"from": [1, 8, 1],
			"to": [12, 9, 11],
			"faces": {
				"south": {"uv": [0, 12.25, 2.75, 12.5], "texture": "#interior"},
				"up": {"uv": [0, 9.75, 2.75, 12.25], "texture": "#interior"},
				"down": {"uv": [2.75, 9.75, 5.5, 12.25], "texture": "#interior"}
			}
		},
		{
			"name": "Mount-3",
			"neoforge_data": {"block_light": 10, "ambient_occlusion": false},
			"from": [3, 6, 1],
			"to": [4, 7, 11],
			"faces": {
				"east": {"uv": [6, 10, 8.5, 10.25], "texture": "#interior"},
				"south": {"uv": [6, 10.25, 6.25, 10.5], "texture": "#interior"},
				"west": {"uv": [6, 9.75, 8.5, 10], "texture": "#interior"},
				"up": {"uv": [5.5, 9.75, 5.75, 12.25], "texture": "#interior"},
				"down": {"uv": [5.75, 9.75, 6, 12.25], "texture": "#interior"}
			}
		},
		{
			"name": "Mount-4",
			"neoforge_data": {"block_light": 10, "ambient_occlusion": false},
			"from": [9, 6, 1],
			"to": [10, 7, 11],
			"faces": {
				"east": {"uv": [6, 10, 8.5, 10.25], "texture": "#interior"},
				"south": {"uv": [6, 10.25, 6.25, 10.5], "texture": "#interior"},
				"west": {"uv": [6, 9.75, 8.5, 10], "texture": "#interior"},
				"up": {"uv": [5.5, 9.75, 5.75, 12.25], "texture": "#interior"},
				"down": {"uv": [5.75, 9.75, 6, 12.25], "texture": "#interior"}
			}
		},
		{
			"name": "Mount-5",
			"neoforge_data": {"block_light": 10, "ambient_occlusion": false},
			"from": [3, 13, 1],
			"to": [4, 14, 11],
			"faces": {
				"east": {"uv": [6, 10, 8.5, 10.25], "texture": "#interior"},
				"south": {"uv": [6, 10.25, 6.25, 10.5], "texture": "#interior"},
				"west": {"uv": [6, 9.75, 8.5, 10], "texture": "#interior"},
				"up": {"uv": [5.5, 9.75, 5.75, 12.25], "texture": "#interior"},
				"down": {"uv": [5.75, 9.75, 6, 12.25], "texture": "#interior"}
			}
		},
		{
			"name": "Mount-6",
			"neoforge_data": {"block_light": 10, "ambient_occlusion": false},
			"from": [9, 13, 1],
			"to": [10, 14, 11],
			"faces": {
				"east": {"uv": [6, 10, 8.5, 10.25], "texture": "#interior"},
				"south": {"uv": [6, 10.25, 6.25, 10.5], "texture": "#interior"},
				"west": {"uv": [6, 9.75, 8.5, 10], "texture": "#interior"},
				"up": {"uv": [5.5, 9.75, 5.75, 12.25], "texture": "#interior"},
				"down": {"uv": [5.75, 9.75, 6, 12.25], "texture": "#interior"}
			}
		}
	],
	"groups": [
		0,
		1,
		2,
		3,
		{
			"name": "Shelf",
			"origin": [0, 0, 0],
			"color": 0,
			"children": [4, 5]
		},
		{
			"name": "Mount",
			"origin": [0, 0, 0],
			"color": 0,
			"children": [6, 7, 8, 9]
		}
	]
}