{
  "item": "lightmanscurrency:block/vending_machine/create/base/item",
  "dummy": true,
  "models": [
    "lightmanscurrency:block/vending_machine/create/base/bottom",
    "lightmanscurrency:block/vending_machine/create/base/top"
  ],
  "tooltip_info": {
    "item": false,
    "jade": false,
    "selection": true,
    "tooltip": [
      {
        "translate": "lightmanscurrency.block_variant.modifier",
        "with": [{ "translate": "lightmanscurrency.block_variant.modifier.default" }]
      }
    ]
  }
}