{
    "name": "battlestaff_poke",
    "author": "Malfu",
    "description": "Battlestaff left Stab",
    "emote":{
        "isLoop": "false",
        "returnTick": 0,
        "beginTick":10,
        "endTick":20,
        "stopTick":30,
        "degrees":false,
        "moves":[
            
            {
                "tick":10,
                "easing": "EASEINOUTQUAD",
                "turn": 0,
                "torso":{
                    "yaw":0.406414657831192
                }
            },
            {
                "tick":12,
                "easing": "EASEINOUTQUAD",
                "turn": 0,
                "torso":{
                    "yaw":0.3293393552303314
                }
            },
            {
                "tick":20,
                "easing": "EASEINOUTQUAD",
                "turn": 0,
                "torso":{
                    "yaw":0.32885095477104187
                }
            },
            {
                "tick":10,
                "easing": "EASEINOUTQUAD",
                "turn": 0,
                "torso":{
                    "roll":0.09275083988904953
                }
            },
            {
                "tick":12,
                "easing": "EASEINOUTQUAD",
                "turn": 0,
                "torso":{
                    "roll":0.010481983423233032
                }
            },
            {
                "tick":20,
                "easing": "EASEINOUTQUAD",
                "turn": 0,
                "torso":{
                    "roll":-0.02105768211185932
                }
            },
            {
                "tick":10,
                "easing": "EASEINOUTQUAD",
                "turn": 0,
                "torso":{
                    "pitch":0.00801820307970047
                }
            },
            {
                "tick":12,
                "easing": "EASEINOUTQUAD",
                "turn": 0,
                "torso":{
                    "pitch":-0.24868983030319214
                }
            },
            {
                "tick":20,
                "easing": "EASEINOUTQUAD",
                "turn": 0,
                "torso":{
                    "pitch":-0.3462100923061371
                }
            },
            {
                "tick":10,
                "easing": "EASEINOUTQUAD",
                "turn": 0,
                "torso":{
                    "y":0.0
                }
            },
            {
                "tick":12,
                "easing": "EASEINOUTQUAD",
                "turn": 0,
                "torso":{
                    "y":-0.05664398521184921
                }
            },
            {
                "tick":20,
                "easing": "EASEINOUTQUAD",
                "turn": 0,
                "torso":{
                    "y":-0.05228675529360771
                }
            },
            {
                "tick":10,
                "easing": "EASEINOUTQUAD",
                "turn": 0,
                "torso":{
                    "x":0.0
                }
            },
            {
                "tick":12,
                "easing": "EASEINOUTQUAD",
                "turn": 0,
                "torso":{
                    "x":0.0
                }
            },
            {
                "tick":20,
                "easing": "EASEINOUTQUAD",
                "turn": 0,
                "torso":{
                    "x":0.0
                }
            },
            {
                "tick":10,
                "easing": "EASEINOUTQUAD",
                "turn": 0,
                "torso":{
                    "z":-0.0
                }
            },
            {
                "tick":12,
                "easing": "EASEINOUTQUAD",
                "turn": 0,
                "torso":{
                    "z":-0.0
                }
            },
            {
                "tick":20,
                "easing": "EASEINOUTQUAD",
                "turn": 0,
                "torso":{
                    "z":-0.0
                }
            },
            {
                "tick":3,
                "easing": "EASEINOUTQUAD",
                "turn": 0,
                "rightArm":{
                    "yaw":-0.09312818199396133
                }
            },
            {
                "tick":10,
                "easing": "EASEINOUTQUAD",
                "turn": 0,
                "rightArm":{
                    "yaw":-0.12258513271808624
                }
            },
            {
                "tick":12,
                "easing": "EASEINOUTQUAD",
                "turn": 0,
                "rightArm":{
                    "yaw":-0.5454863905906677
                }
            },
            {
                "tick":20,
                "easing": "EASEINOUTQUAD",
                "turn": 0,
                "rightArm":{
                    "yaw":-0.6694241166114807
                }
            },
            {
                "tick":3,
                "easing": "EASEINOUTQUAD",
                "turn": 0,
                "rightArm":{
                    "roll":0.22755634784698486
                }
            },
            {
                "tick":10,
                "easing": "EASEINOUTQUAD",
                "turn": 0,
                "rightArm":{
                    "roll":-1.4692646265029907
                }
            },
            {
                "tick":12,
                "easing": "EASEINOUTQUAD",
                "turn": 0,
                "rightArm":{
                    "roll":-1.6053839921951294
                }
            },
            {
                "tick":20,
                "easing": "EASEINOUTQUAD",
                "turn": 0,
                "rightArm":{
                    "roll":-1.5573862791061401
                }
            },
            {
                "tick":3,
                "easing": "EASEINOUTQUAD",
                "turn": 0,
                "rightArm":{
                    "y":1.8290729522705078
                }
            },
            {
                "tick":10,
                "easing": "EASEINOUTQUAD",
                "turn": 0,
                "rightArm":{
                    "y":1.2086687088012695
                }
            },
            {
                "tick":12,
                "easing": "EASEINOUTQUAD",
                "turn": 0,
                "rightArm":{
                    "y":1.2086687088012695
                }
            },
            {
                "tick":20,
                "easing": "EASEINOUTQUAD",
                "turn": 0,
                "rightArm":{
                    "y":1.2086687088012695
                }
            },
            {
                "tick":3,
                "easing": "EASEINOUTQUAD",
                "turn": 0,
                "rightArm":{
                    "z":-0.9821766018867493
                }
            },
            {
                "tick":10,
                "easing": "EASEINOUTQUAD",
                "turn": 0,
                "rightArm":{
                    "z":-4.547114372253418
                }
            },
            {
                "tick":12,
                "easing": "EASEINOUTQUAD",
                "turn": 0,
                "rightArm":{
                    "z":-4.547114372253418
                }
            },
            {
                "tick":20,
                "easing": "EASEINOUTQUAD",
                "turn": 0,
                "rightArm":{
                    "z":-4.547114372253418
                }
            },
            {
                "tick":3,
                "easing": "EASEINOUTQUAD",
                "turn": 0,
                "rightArm":{
                    "x":-4.626645088195801
                }
            },
            {
                "tick":10,
                "easing": "EASEINOUTQUAD",
                "turn": 0,
                "rightArm":{
                    "x":-3.271505832672119
                }
            },
            {
                "tick":12,
                "easing": "EASEINOUTQUAD",
                "turn": 0,
                "rightArm":{
                    "x":-3.271505832672119
                }
            },
            {
                "tick":20,
                "easing": "EASEINOUTQUAD",
                "turn": 0,
                "rightArm":{
                    "x":-3.271505832672119
                }
            },
            {
                "tick":3,
                "easing": "EASEINOUTQUAD",
                "turn": 0,
                "rightArm":{
                    "pitch":-1.0589405298233032
                }
            },
            {
                "tick":10,
                "easing": "EASEINOUTQUAD",
                "turn": 0,
                "rightArm":{
                    "pitch":-0.7324343919754028
                }
            },
            {
                "tick":12,
                "easing": "EASEINOUTQUAD",
                "turn": 0,
                "rightArm":{
                    "pitch":-1.1822291612625122
                }
            },
            {
                "tick":20,
                "easing": "EASEINOUTQUAD",
                "turn": 0,
                "rightArm":{
                    "pitch":-1.1949282884597778
                }
            },
            {
                "tick":8,
                "easing": "EASEINOUTQUAD",
                "turn": 0,
                "leftArm":{
                    "roll":-0.9761626720428467
                }
            },
            {
                "tick":10,
                "easing": "EASEINOUTQUAD",
                "turn": 0,
                "leftArm":{
                    "roll":-1.5873593091964722
                }
            },
            {
                "tick":12,
                "easing": "EASEINOUTQUAD",
                "turn": 0,
                "leftArm":{
                    "roll":-1.4872021675109863
                }
            },
            {
                "tick":20,
                "easing": "EASEINOUTQUAD",
                "turn": 0,
                "leftArm":{
                    "roll":-1.4872021675109863
                }
            },
            {
                "tick":8,
                "easing": "EASEINOUTQUAD",
                "turn": 0,
                "leftArm":{
                    "yaw":-0.192092165350914
                }
            },
            {
                "tick":10,
                "easing": "EASEINOUTQUAD",
                "turn": 0,
                "leftArm":{
                    "yaw":-0.16391773521900177
                }
            },
            {
                "tick":12,
                "easing": "EASEINOUTQUAD",
                "turn": 0,
                "leftArm":{
                    "yaw":-0.07944465428590775
                }
            },
            {
                "tick":20,
                "easing": "EASEINOUTQUAD",
                "turn": 0,
                "leftArm":{
                    "yaw":-0.07944465428590775
                }
            },
            {
                "tick":8,
                "easing": "EASEINOUTQUAD",
                "turn": 0,
                "leftArm":{
                    "pitch":-0.4500003755092621
                }
            },
            {
                "tick":10,
                "easing": "EASEINOUTQUAD",
                "turn": 0,
                "leftArm":{
                    "pitch":-0.6877967715263367
                }
            },
            {
                "tick":12,
                "easing": "EASEINOUTQUAD",
                "turn": 0,
                "leftArm":{
                    "pitch":-2.077291965484619
                }
            },
            {
                "tick":20,
                "easing": "EASEINOUTQUAD",
                "turn": 0,
                "leftArm":{
                    "pitch":-2.077291965484619
                }
            },
            {
                "tick":8,
                "easing": "EASEINOUTQUAD",
                "turn": 0,
                "leftArm":{
                    "y":2.547755241394043
                }
            },
            {
                "tick":10,
                "easing": "EASEINOUTQUAD",
                "turn": 0,
                "leftArm":{
                    "y":2.599710464477539
                }
            },
            {
                "tick":12,
                "easing": "EASEINOUTQUAD",
                "turn": 0,
                "leftArm":{
                    "y":0.6560916900634766
                }
            },
            {
                "tick":20,
                "easing": "EASEINOUTQUAD",
                "turn": 0,
                "leftArm":{
                    "y":0.6560916900634766
                }
            },
            {
                "tick":8,
                "easing": "EASEINOUTQUAD",
                "turn": 0,
                "leftArm":{
                    "z":4.269069671630859
                }
            },
            {
                "tick":10,
                "easing": "EASEINOUTQUAD",
                "turn": 0,
                "leftArm":{
                    "z":4.727248191833496
                }
            },
            {
                "tick":12,
                "easing": "EASEINOUTQUAD",
                "turn": 0,
                "leftArm":{
                    "z":-1.192197561264038
                }
            },
            {
                "tick":20,
                "easing": "EASEINOUTQUAD",
                "turn": 0,
                "leftArm":{
                    "z":-1.192197561264038
                }
            },
            {
                "tick":8,
                "easing": "EASEINOUTQUAD",
                "turn": 0,
                "leftArm":{
                    "x":2.210390090942383
                }
            },
            {
                "tick":10,
                "easing": "EASEINOUTQUAD",
                "turn": 0,
                "leftArm":{
                    "x":2.4594504833221436
                }
            },
            {
                "tick":12,
                "easing": "EASEINOUTQUAD",
                "turn": 0,
                "leftArm":{
                    "x":6.9596452713012695
                }
            },
            {
                "tick":20,
                "easing": "EASEINOUTQUAD",
                "turn": 0,
                "leftArm":{
                    "x":6.9596452713012695
                }
            },
            {
                "tick":10,
                "easing": "EASEINOUTQUAD",
                "turn": 0,
                "rightLeg":{
                    "yaw":0.39221999049186707
                }
            },
            {
                "tick":12,
                "easing": "EASEINOUTQUAD",
                "turn": 0,
                "rightLeg":{
                    "yaw":0.29490357637405396
                }
            },
            {
                "tick":20,
                "easing": "EASEINOUTQUAD",
                "turn": 0,
                "rightLeg":{
                    "yaw":0.3503729999065399
                }
            },
            {
                "tick":10,
                "easing": "EASEINOUTQUAD",
                "turn": 0,
                "rightLeg":{
                    "roll":-0.004869899712502956
                }
            },
            {
                "tick":12,
                "easing": "EASEINOUTQUAD",
                "turn": 0,
                "rightLeg":{
                    "roll":-0.03380262851715088
                }
            },
            {
                "tick":20,
                "easing": "EASEINOUTQUAD",
                "turn": 0,
                "rightLeg":{
                    "roll":-0.0343763530254364
                }
            },
            {
                "tick":10,
                "easing": "EASEINOUTQUAD",
                "turn": 0,
                "rightLeg":{
                    "pitch":0.24325944483280182
                }
            },
            {
                "tick":12,
                "easing": "EASEINOUTQUAD",
                "turn": 0,
                "rightLeg":{
                    "pitch":-0.1865701526403427
                }
            },
            {
                "tick":20,
                "easing": "EASEINOUTQUAD",
                "turn": 0,
                "rightLeg":{
                    "pitch":-0.35662326216697693
                }
            },
            {
                "tick":10,
                "easing": "EASEINOUTQUAD",
                "turn": 0,
                "rightLeg":{
                    "x":-3.9419344902038573
                }
            },
            {
                "tick":12,
                "easing": "EASEINOUTQUAD",
                "turn": 0,
                "rightLeg":{
                    "x":-3.432146692276001
                }
            },
            {
                "tick":20,
                "easing": "EASEINOUTQUAD",
                "turn": 0,
                "rightLeg":{
                    "x":-3.3139492511749267
                }
            },
            {
                "tick":10,
                "easing": "EASEINOUTQUAD",
                "turn": 0,
                "rightLeg":{
                    "y":9.195977210998535
                }
            },
            {
                "tick":12,
                "easing": "EASEINOUTQUAD",
                "turn": 0,
                "rightLeg":{
                    "y":10.42502474784851
                }
            },
            {
                "tick":20,
                "easing": "EASEINOUTQUAD",
                "turn": 0,
                "rightLeg":{
                    "y":10.377679347991943
                }
            },
            {
                "tick":10,
                "easing": "EASEINOUTQUAD",
                "turn": 0,
                "rightLeg":{
                    "z":-3.4230870246887206
                }
            },
            {
                "tick":12,
                "easing": "EASEINOUTQUAD",
                "turn": 0,
                "rightLeg":{
                    "z":-2.852747344970703
                }
            },
            {
                "tick":20,
                "easing": "EASEINOUTQUAD",
                "turn": 0,
                "rightLeg":{
                    "z":-1.8870195388793944
                }
            },
            {
                "tick":11,
                "easing": "EASEINOUTQUAD",
                "turn": 0,
                "leftLeg":{
                    "yaw":0.3670327067375183
                }
            },
            {
                "tick":13,
                "easing": "EASEINOUTQUAD",
                "turn": 0,
                "leftLeg":{
                    "yaw":0.2639025151729584
                }
            },
            {
                "tick":20,
                "easing": "EASEINOUTQUAD",
                "turn": 0,
                "leftLeg":{
                    "yaw":0.23520509898662567
                }
            },
            {
                "tick":11,
                "easing": "EASEINOUTQUAD",
                "turn": 0,
                "leftLeg":{
                    "roll":-0.14303557574748993
                }
            },
            {
                "tick":13,
                "easing": "EASEINOUTQUAD",
                "turn": 0,
                "leftLeg":{
                    "roll":-0.1453358381986618
                }
            },
            {
                "tick":20,
                "easing": "EASEINOUTQUAD",
                "turn": 0,
                "leftLeg":{
                    "roll":-0.16810105741024017
                }
            },
            {
                "tick":11,
                "easing": "EASEINOUTQUAD",
                "turn": 0,
                "leftLeg":{
                    "pitch":0.28689271211624146
                }
            },
            {
                "tick":13,
                "easing": "EASEINOUTQUAD",
                "turn": 0,
                "leftLeg":{
                    "pitch":0.42329367995262146
                }
            },
            {
                "tick":20,
                "easing": "EASEINOUTQUAD",
                "turn": 0,
                "leftLeg":{
                    "pitch":0.35191959142684937
                }
            },
            {
                "tick":11,
                "easing": "EASEINOUTQUAD",
                "turn": 0,
                "leftLeg":{
                    "y":11.884648628532887
                }
            },
            {
                "tick":13,
                "easing": "EASEINOUTQUAD",
                "turn": 0,
                "leftLeg":{
                    "y":10.961143851280212
                }
            },
            {
                "tick":20,
                "easing": "EASEINOUTQUAD",
                "turn": 0,
                "leftLeg":{
                    "y":11.118463039398193
                }
            },
            {
                "tick":11,
                "easing": "EASEINOUTQUAD",
                "turn": 0,
                "leftLeg":{
                    "z":0.20153781175613403
                }
            },
            {
                "tick":13,
                "easing": "EASEINOUTQUAD",
                "turn": 0,
                "leftLeg":{
                    "z":0.8508700370788574
                }
            },
            {
                "tick":20,
                "easing": "EASEINOUTQUAD",
                "turn": 0,
                "leftLeg":{
                    "z":0.637972617149353
                }
            },
            {
                "tick":11,
                "easing": "EASEINOUTQUAD",
                "turn": 0,
                "leftLeg":{
                    "x":2.4151968002319335
                }
            },
            {
                "tick":13,
                "easing": "EASEINOUTQUAD",
                "turn": 0,
                "leftLeg":{
                    "x":2.436659002304077
                }
            },
            {
                "tick":20,
                "easing": "EASEINOUTQUAD",
                "turn": 0,
                "leftLeg":{
                    "x":2.485930585861206
                }
            },
            {
                "tick":8,
                "easing": "EASEINOUTQUAD",
                "turn": 0,
                "rightItem":{
                    "x":-0.17496511340141296
                }
            },
            {
                "tick":10,
                "easing": "EASEINOUTQUAD",
                "turn": 0,
                "rightItem":{
                    "x":-0.19527359306812286
                }
            },
            {
                "tick":12,
                "easing": "EASEINOUTQUAD",
                "turn": 0,
                "rightItem":{
                    "x":1.5985682010650635
                }
            },
            {
                "tick":20,
                "easing": "EASEINOUTQUAD",
                "turn": 0,
                "rightItem":{
                    "x":1.4982330799102783
                }
            },
            {
                "tick":8,
                "easing": "EASEINOUTQUAD",
                "turn": 0,
                "rightItem":{
                    "z":-0.3641190528869629
                }
            },
            {
                "tick":10,
                "easing": "EASEINOUTQUAD",
                "turn": 0,
                "rightItem":{
                    "z":-0.7111701369285583
                }
            },
            {
                "tick":12,
                "easing": "EASEINOUTQUAD",
                "turn": 0,
                "rightItem":{
                    "z":-6.08582878112793
                }
            },
            {
                "tick":20,
                "easing": "EASEINOUTQUAD",
                "turn": 0,
                "rightItem":{
                    "z":-6.353747367858887
                }
            },
            {
                "tick":8,
                "easing": "EASEINOUTQUAD",
                "turn": 0,
                "rightItem":{
                    "y":-2.494551658630371
                }
            },
            {
                "tick":10,
                "easing": "EASEINOUTQUAD",
                "turn": 0,
                "rightItem":{
                    "y":-2.784097671508789
                }
            },
            {
                "tick":12,
                "easing": "EASEINOUTQUAD",
                "turn": 0,
                "rightItem":{
                    "y":3.729482412338257
                }
            },
            {
                "tick":20,
                "easing": "EASEINOUTQUAD",
                "turn": 0,
                "rightItem":{
                    "y":3.93601393699646
                }
            },
            {
                "tick":8,
                "easing": "EASEINOUTQUAD",
                "turn": 0,
                "rightItem":{
                    "pitch":-0.06371688842773438
                }
            },
            {
                "tick":10,
                "easing": "EASEINOUTQUAD",
                "turn": 0,
                "rightItem":{
                    "pitch":-0.1293346881866455
                }
            },
            {
                "tick":12,
                "easing": "EASEINOUTQUAD",
                "turn": 0,
                "rightItem":{
                    "pitch":-0.555449903011322
                }
            },
            {
                "tick":20,
                "easing": "EASEINOUTQUAD",
                "turn": 0,
                "rightItem":{
                    "pitch":-0.555449903011322
                }
            },
            {
                "tick":8,
                "easing": "EASEINOUTQUAD",
                "turn": 0,
                "rightItem":{
                    "yaw":-0.27824535965919495
                }
            },
            {
                "tick":10,
                "easing": "EASEINOUTQUAD",
                "turn": 0,
                "rightItem":{
                    "yaw":-0.403328001499176
                }
            },
            {
                "tick":12,
                "easing": "EASEINOUTQUAD",
                "turn": 0,
                "rightItem":{
                    "yaw":-0.24370338022708893
                }
            },
            {
                "tick":20,
                "easing": "EASEINOUTQUAD",
                "turn": 0,
                "rightItem":{
                    "yaw":-0.24370338022708893
                }
            },
            {
                "tick":8,
                "easing": "EASEINOUTQUAD",
                "turn": 0,
                "rightItem":{
                    "roll":-0.13764281570911407
                }
            },
            {
                "tick":10,
                "easing": "EASEINOUTQUAD",
                "turn": 0,
                "rightItem":{
                    "roll":-0.13859157264232635
                }
            },
            {
                "tick":12,
                "easing": "EASEINOUTQUAD",
                "turn": 0,
                "rightItem":{
                    "roll":-0.06500447541475296
                }
            },
            {
                "tick":20,
                "easing": "EASEINOUTQUAD",
                "turn": 0,
                "rightItem":{
                    "roll":-0.06500447541475296
                }
            }
        ]
    }
}