{
  "parent": "lightmanscurrency:display_case/create/table_cloth/glassless_color",
  "textures": {
    "0": "lightmanscurrency:block/display_case/create/table_cloth_purple"
  },
  "name": {
    "translate": "lightmanscurrency.block_variant.create",
    "with": [
      {
        "translate": "lightmanscurrency.block_variant.create.table_cloth",
        "with": [{ "translate": "lightmanscurrency.block_variant.create.purple" }]
      }
    ]
  },
  "target": [
    "lightmanscurrency:display_case_purple"
  ]
}