{
  "model": {
    "type": "minecraft:range_dispatch",
    "entries": [
              {
                "model": {
                  "type": "minecraft:model",
                  "model": "minecraft:item/recovery_compass_00"
                },
                "threshold": 0.0
              },
              {
                "model": {
                  "type": "minecraft:model",
                  "model": "minecraft:item/recovery_compass"
                },
                "threshold": 0.1
              },
              {
                "model": {
                  "type": "minecraft:model",
                  "model": "minecraft:item/recovery_compass_01"
                },
                "threshold": 1.0
              },
              {
                "model": {
                  "type": "minecraft:model",
                  "model": "minecraft:item/recovery_compass_02"
                },
                "threshold": 3.0
              },
              {
                "model": {
                  "type": "minecraft:model",
                  "model": "minecraft:item/recovery_compass_03"
                },
                "threshold": 5.0
              },
              {
                "model": {
                  "type": "minecraft:model",
                  "model": "minecraft:item/recovery_compass_04"
                },
                "threshold": 7.0
              },
              {
                "model": {
                  "type": "minecraft:model",
                  "model": "minecraft:item/recovery_compass_05"
                },
                "threshold": 9.0
              },
              {
                "model": {
                  "type": "minecraft:model",
                  "model": "minecraft:item/recovery_compass_06"
                },
                "threshold": 11.0
              },
              {
                "model": {
                  "type": "minecraft:model",
                  "model": "minecraft:item/recovery_compass_07"
                },
                "threshold": 13.0
              },
              {
                "model": {
                  "type": "minecraft:model",
                  "model": "minecraft:item/recovery_compass_08"
                },
                "threshold": 15.0
              },
              {
                "model": {
                  "type": "minecraft:model",
                  "model": "minecraft:item/recovery_compass_09"
                },
                "threshold": 17.0
              },
              {
                "model": {
                  "type": "minecraft:model",
                  "model": "minecraft:item/recovery_compass_10"
                },
                "threshold": 19.0
              },
              {
                "model": {
                  "type": "minecraft:model",
                  "model": "minecraft:item/recovery_compass_11"
                },
                "threshold": 21.0
              },
              {
                "model": {
                  "type": "minecraft:model",
                  "model": "minecraft:item/recovery_compass_12"
                },
                "threshold": 23.0
              },
              {
                "model": {
                  "type": "minecraft:model",
                  "model": "minecraft:item/recovery_compass_13"
                },
                "threshold": 25.0
              },
              {
                "model": {
                  "type": "minecraft:model",
                  "model": "minecraft:item/recovery_compass_14"
                },
                "threshold": 27.0
              },
              {
                "model": {
                  "type": "minecraft:model",
                  "model": "minecraft:item/recovery_compass_15"
                },
                "threshold": 29.0
              },
              {
                "model": {
                  "type": "minecraft:model",
                  "model": "minecraft:item/recovery_compass"
                },
                "threshold": 31.0
              },
              {
                "model": {
                  "type": "minecraft:model",
                  "model": "minecraft:item/recovery_compass_00"
                },
                "threshold": 31.9
              }
            ],
    "property": "minecraft:compass",
    "scale": 32.0,
    "target": "recovery"
  }
}