{
	"credit": "Made with Blockbench",
	"parent": "lightmanscurrency:block/block1_2",
	"render_type": "cutout",
	"texture_size": [64, 64],
	"textures": {
		"particle": "#main",
		"cog": "lightmanscurrency:block/ticket_kiosk/create/cogwheel",
		"cog2": "lightmanscurrency:block/ticket_kiosk/create/cogwheel2",
		"cog3": "lightmanscurrency:block/ticket_kiosk/create/cogwheel3",
		"cog4": "lightmanscurrency:block/ticket_kiosk/create/cogwheel4"
	},
	"elements": [
		{
			"name": "screen",
			"from": [12.01, 18.625, 16.75],
			"to": [3.99, 25.835, 17.242],
			"rotation": {"angle": -22.5, "axis": "x", "origin": [25, 3.57557, 6.28148]},
			"faces": {
				"north": {"uv": [9.5, 0, 11.5, 1.75], "texture": "#main"},
				"east": {"uv": [2.5, 0.75, 2.75, 2.5], "texture": "#main"},
				"west": {"uv": [0.25, 0.75, 0.5, 2.5], "texture": "#main"},
				"up": {"uv": [2.5, 0.75, 0.5, 0.5], "texture": "#main"},
				"down": {"uv": [0.5, 2.5, 2.5, 2.75], "texture": "#main"}
			}
		},
		{
			"name": "front_panel",
			"from": [2, 12.47557, 13.38148],
			"to": [14, 27.87557, 17.28148],
			"rotation": {"angle": -22.5, "axis": "x", "origin": [1, 3.47557, 6.28148]},
			"faces": {
				"north": {"uv": [3.25, 0.25, 6.25, 4], "texture": "#main"},
				"east": {"uv": [2.75, 0.25, 3, 4], "texture": "#main"},
				"south": {"uv": [0, 0.25, 3, 4], "texture": "#main"},
				"west": {"uv": [0, 0.25, 0.25, 4], "texture": "#main"},
				"up": {"uv": [3, 0.25, 0, 0], "texture": "#main"}
			}
		},
		{
			"name": "back_panel",
			"from": [1, 13.04959, 14.1673],
			"to": [15, 29.04959, 16.1673],
			"rotation": {"angle": -22.5, "axis": "x", "origin": [1, 4.04959, 6.6673]},
			"faces": {
				"north": {"uv": [12.5, 0, 16, 4], "texture": "#main"},
				"east": {"uv": [12, 0, 12.5, 4], "texture": "#main"},
				"south": {"uv": [3, 0, 6.5, 4], "texture": "#main"},
				"west": {"uv": [11.5, 0, 12, 4], "texture": "#main"},
				"up": {"uv": [10, 7.5, 6.5, 7], "texture": "#main"}
			}
		},
		{
			"name": "front_panel",
			"from": [2, 0, 9],
			"to": [14, 16, 13],
			"faces": {
				"north": {"uv": [3.25, 4, 6.25, 8], "texture": "#main"},
				"east": {"uv": [2.75, 4, 3, 8], "texture": "#main"},
				"south": {"uv": [0, 4, 3, 8], "texture": "#main"},
				"west": {"uv": [0, 4, 0.25, 8], "texture": "#main"},
				"down": {"uv": [3, 7.75, 0, 8], "texture": "#main"}
			}
		},
		{
			"name": "ticket_slot",
			"from": [6, 13, 13],
			"to": [10, 14, 12],
			"faces": {
				"east": {"uv": [2, 4.5, 2.25, 4.75], "texture": "#main"},
				"west": {"uv": [0.75, 4.5, 1, 4.75], "texture": "#main"},
				"up": {"uv": [1, 4.25, 2, 4.5], "texture": "#main"},
				"down": {"uv": [2, 4.75, 1, 5], "texture": "#main"}
			}
		},
		{
			"name": "back_panel",
			"from": [1, 0, 10],
			"to": [15, 16, 12],
			"faces": {
				"north": {"uv": [12.5, 4, 16, 8], "texture": "#main"},
				"east": {"uv": [12, 4, 12.5, 8], "texture": "#main"},
				"south": {"uv": [3, 4, 6.5, 8], "texture": "#main"},
				"west": {"uv": [11.5, 4, 12, 8], "texture": "#main"},
				"down": {"uv": [6.5, 7.75, 3, 8], "texture": "#main"}
			}
		},
		{
			"name": "ticket_box",
			"from": [3, 0, 3],
			"to": [13, 8, 9],
			"faces": {
				"north": {"uv": [6.5, 3, 9, 5], "texture": "#main"},
				"east": {"uv": [6.5, 5, 8, 7], "texture": "#main"},
				"west": {"uv": [8, 5, 9.5, 7], "texture": "#main"},
				"up": {"uv": [9, 1.5, 6.5, 0], "texture": "#main"},
				"down": {"uv": [9, 1.5, 6.5, 3], "texture": "#main"}
			}
		},
		{
			"name": "shaft",
			"from": [7, 8, 3],
			"to": [9, 9, 9],
			"faces": {
				"north": {"uv": [7.5, 1.5, 8, 1.75], "texture": "#main"},
				"east": {"uv": [8, 1.5, 8.25, 3], "rotation": 90, "texture": "#main"},
				"west": {"uv": [7.25, 1.5, 7.5, 3], "rotation": 90, "texture": "#main"},
				"up": {"uv": [8, 3, 7.5, 1.5], "texture": "#main"}
			}
		},
		{
			"name": "back_vent1",
			"from": [4, 6, 11.1],
			"to": [12, 13, 14.1],
			"rotation": {"angle": -22.5, "axis": "x", "origin": [0, 1, -2.9]},
			"faces": {
				"north": {"uv": [0, 8.25, 2, 10], "texture": "#main"},
				"east": {"uv": [2.75, 8.25, 3.5, 10], "texture": "#main"},
				"west": {"uv": [2, 8.25, 2.75, 10], "texture": "#main"},
				"down": {"uv": [0, 10, 2, 10.75], "texture": "#main"}
			}
		},
		{
			"name": "back_vent2",
			"from": [4, 4.54463, 9.54262],
			"to": [12, 7.54463, 12.54262],
			"rotation": {"angle": -45, "axis": "x", "origin": [4, 7.54463, -4.45738]},
			"faces": {
				"east": {"uv": [5.5, 8.25, 6.25, 9], "rotation": 270, "texture": "#main"},
				"west": {"uv": [5.5, 9, 6.25, 9.75], "rotation": 90, "texture": "#main"},
				"up": {"uv": [3.5, 8.25, 5.5, 9], "rotation": 180, "texture": "#main"}
			}
		},
		{
			"name": "back_vent3",
			"from": [4, 10.97697, 8.1209],
			"to": [12, 13.97697, 11.1209],
			"faces": {
				"east": {"uv": [5.5, 8.25, 6.25, 9], "rotation": 270, "texture": "#main"},
				"west": {"uv": [5.5, 9, 6.25, 9.75], "rotation": 90, "texture": "#main"},
				"down": {"uv": [3.5, 8.25, 5.5, 9], "rotation": 180, "texture": "#main"}
			}
		},
		{
			"name": "Slot-Left",
			"from": [10, 17.05813, 12.29225],
			"to": [11, 19.15813, 13.29225],
			"rotation": {"angle": -22.5, "axis": "x", "origin": [11.5, 17.80813, 12.79225]},
			"faces": {
				"east": {"uv": [2, 3.25, 2.25, 3.75], "texture": "#main"},
				"south": {"uv": [2, 3.25, 2.25, 3.75], "texture": "#main"},
				"west": {"uv": [2, 3.25, 2.25, 3.75], "texture": "#main"},
				"up": {"uv": [2, 3.25, 2.25, 3.5], "texture": "#main"},
				"down": {"uv": [2, 3.5, 2.25, 3.75], "texture": "#main"}
			}
		},
		{
			"name": "Slot-Down",
			"from": [11, 17.05813, 12.29225],
			"to": [12, 18.15813, 13.29225],
			"rotation": {"angle": -22.5, "axis": "x", "origin": [11.5, 17.80813, 12.79225]},
			"faces": {
				"south": {"uv": [2.25, 3.5, 2.5, 3.75], "texture": "#main"},
				"up": {"uv": [2.25, 3.5, 2.5, 3.75], "texture": "#main"},
				"down": {"uv": [2.25, 3.5, 2.5, 3.75], "texture": "#main"}
			}
		},
		{
			"name": "Slot-Right",
			"from": [12, 17.05813, 12.29225],
			"to": [13, 19.15813, 13.29225],
			"rotation": {"angle": -22.5, "axis": "x", "origin": [11.5, 17.80813, 12.79225]},
			"faces": {
				"east": {"uv": [2.5, 3.25, 2.75, 3.75], "texture": "#main"},
				"south": {"uv": [2.5, 3.25, 2.75, 3.75], "texture": "#main"},
				"west": {"uv": [2.5, 3.25, 2.75, 3.75], "texture": "#main"},
				"up": {"uv": [2.5, 3.25, 2.75, 3.5], "texture": "#main"},
				"down": {"uv": [2.5, 3.5, 2.75, 3.75], "texture": "#main"}
			}
		},
		{
			"name": "center",
			"from": [5.9, 5.9, 4.75],
			"to": [10.1, 10.1, 7.25],
			"faces": {
				"north": {"uv": [12, 0, 8, 4], "rotation": 270, "texture": "#cog"},
				"east": {"uv": [12, 0, 14, 4], "rotation": 90, "texture": "#cog"},
				"south": {"uv": [8, 0, 12, 4], "rotation": 90, "texture": "#cog"},
				"west": {"uv": [12, 0, 14, 4], "rotation": 90, "texture": "#cog"},
				"up": {"uv": [8, 4, 12, 6], "rotation": 90, "texture": "#cog"},
				"down": {"uv": [8, 4, 12, 6], "rotation": 90, "texture": "#cog"}
			}
		},
		{
			"from": [7.125, 4, 5],
			"to": [8.875, 12, 7],
			"faces": {
				"north": {"uv": [8, 0, 0, 2], "rotation": 270, "texture": "#cog"},
				"east": {"uv": [0, 2, 8, 4], "rotation": 90, "texture": "#cog"},
				"south": {"uv": [0, 0, 8, 2], "rotation": 90, "texture": "#cog"},
				"west": {"uv": [0, 2, 8, 4], "rotation": 90, "texture": "#cog"},
				"up": {"uv": [0, 4, 2, 6], "rotation": 90, "texture": "#cog"},
				"down": {"uv": [0, 4, 2, 6], "rotation": 90, "texture": "#cog"}
			}
		},
		{
			"from": [7.125, 4, 5],
			"to": [8.875, 12, 7],
			"rotation": {"angle": 45, "axis": "z", "origin": [8, 8, 6]},
			"faces": {
				"north": {"uv": [8, 0, 0, 2], "rotation": 270, "texture": "#cog"},
				"east": {"uv": [0, 2, 8, 4], "rotation": 90, "texture": "#cog"},
				"south": {"uv": [0, 0, 8, 2], "rotation": 90, "texture": "#cog"},
				"west": {"uv": [0, 2, 8, 4], "rotation": 90, "texture": "#cog"},
				"up": {"uv": [0, 4, 2, 6], "rotation": 90, "texture": "#cog"},
				"down": {"uv": [0, 4, 2, 6], "rotation": 90, "texture": "#cog"}
			}
		},
		{
			"from": [4, 7.125, 5],
			"to": [12, 8.875, 7],
			"faces": {
				"north": {"uv": [8, 0, 0, 2], "texture": "#cog"},
				"east": {"uv": [0, 4, 2, 6], "texture": "#cog"},
				"south": {"uv": [0, 0, 8, 2], "texture": "#cog"},
				"west": {"uv": [0, 4, 2, 6], "texture": "#cog"},
				"up": {"uv": [0, 2, 8, 4], "texture": "#cog"},
				"down": {"uv": [0, 2, 8, 4], "texture": "#cog"}
			}
		},
		{
			"from": [4, 7.125, 5],
			"to": [12, 8.875, 7],
			"rotation": {"angle": 45, "axis": "z", "origin": [8, 8, 6]},
			"faces": {
				"north": {"uv": [8, 0, 0, 2], "texture": "#cog"},
				"east": {"uv": [0, 4, 2, 6], "texture": "#cog"},
				"south": {"uv": [0, 0, 8, 2], "texture": "#cog"},
				"west": {"uv": [0, 4, 2, 6], "texture": "#cog"},
				"up": {"uv": [0, 2, 8, 4], "texture": "#cog"},
				"down": {"uv": [0, 2, 8, 4], "texture": "#cog"}
			}
		},
		{
			"name": "center",
			"from": [5.9, 5.9, 4.75],
			"to": [10.1, 10.1, 7.25],
			"rotation": {"angle": 22.5, "axis": "z", "origin": [8, 8, 6]},
			"faces": {
				"north": {"uv": [12, 0, 8, 4], "rotation": 270, "texture": "#cog2"},
				"east": {"uv": [12, 0, 14, 4], "rotation": 90, "texture": "#cog2"},
				"south": {"uv": [8, 0, 12, 4], "rotation": 90, "texture": "#cog2"},
				"west": {"uv": [12, 0, 14, 4], "rotation": 90, "texture": "#cog2"},
				"up": {"uv": [8, 4, 12, 6], "rotation": 90, "texture": "#cog2"},
				"down": {"uv": [8, 4, 12, 6], "rotation": 90, "texture": "#cog2"}
			}
		},
		{
			"from": [7.125, 4, 5],
			"to": [8.875, 12, 7],
			"rotation": {"angle": 22.5, "axis": "z", "origin": [8, 8, 6]},
			"faces": {
				"north": {"uv": [8, 0, 0, 2], "rotation": 270, "texture": "#cog2"},
				"east": {"uv": [0, 2, 8, 4], "rotation": 90, "texture": "#cog2"},
				"south": {"uv": [0, 0, 8, 2], "rotation": 90, "texture": "#cog2"},
				"west": {"uv": [0, 2, 8, 4], "rotation": 90, "texture": "#cog2"},
				"up": {"uv": [0, 4, 2, 6], "rotation": 90, "texture": "#cog2"},
				"down": {"uv": [0, 4, 2, 6], "rotation": 90, "texture": "#cog2"}
			}
		},
		{
			"from": [4, 7.125, 5],
			"to": [12, 8.875, 7],
			"rotation": {"angle": -22.5, "axis": "z", "origin": [8, 8, 6]},
			"faces": {
				"north": {"uv": [8, 0, 0, 2], "texture": "#cog2"},
				"east": {"uv": [0, 4, 2, 6], "texture": "#cog2"},
				"south": {"uv": [0, 0, 8, 2], "texture": "#cog2"},
				"west": {"uv": [0, 4, 2, 6], "texture": "#cog2"},
				"up": {"uv": [0, 2, 8, 4], "texture": "#cog2"},
				"down": {"uv": [0, 2, 8, 4], "texture": "#cog2"}
			}
		},
		{
			"from": [4, 7.125, 5],
			"to": [12, 8.875, 7],
			"rotation": {"angle": 22.5, "axis": "z", "origin": [8, 8, 6]},
			"faces": {
				"north": {"uv": [8, 0, 0, 2], "texture": "#cog2"},
				"east": {"uv": [0, 4, 2, 6], "texture": "#cog2"},
				"south": {"uv": [0, 0, 8, 2], "texture": "#cog2"},
				"west": {"uv": [0, 4, 2, 6], "texture": "#cog2"},
				"up": {"uv": [0, 2, 8, 4], "texture": "#cog2"},
				"down": {"uv": [0, 2, 8, 4], "texture": "#cog2"}
			}
		},
		{
			"from": [7.125, 4, 5],
			"to": [8.875, 12, 7],
			"rotation": {"angle": -22.5, "axis": "z", "origin": [8, 8, 6]},
			"faces": {
				"north": {"uv": [8, 0, 0, 2], "rotation": 90, "texture": "#cog2"},
				"east": {"uv": [0, 2, 8, 4], "rotation": 270, "texture": "#cog2"},
				"south": {"uv": [0, 0, 8, 2], "rotation": 270, "texture": "#cog2"},
				"west": {"uv": [0, 2, 8, 4], "rotation": 270, "texture": "#cog2"},
				"up": {"uv": [0, 4, 2, 6], "rotation": 270, "texture": "#cog2"},
				"down": {"uv": [0, 4, 2, 6], "rotation": 270, "texture": "#cog2"}
			}
		},
		{
			"name": "center",
			"from": [5.9, 5.9, 4.75],
			"to": [10.1, 10.1, 7.25],
			"rotation": {"angle": 45, "axis": "z", "origin": [8, 8, 6]},
			"faces": {
				"north": {"uv": [12, 0, 8, 4], "rotation": 270, "texture": "#cog3"},
				"east": {"uv": [12, 0, 14, 4], "rotation": 90, "texture": "#cog3"},
				"south": {"uv": [8, 0, 12, 4], "rotation": 90, "texture": "#cog3"},
				"west": {"uv": [12, 0, 14, 4], "rotation": 90, "texture": "#cog3"},
				"up": {"uv": [8, 4, 12, 6], "rotation": 90, "texture": "#cog3"},
				"down": {"uv": [8, 4, 12, 6], "rotation": 90, "texture": "#cog3"}
			}
		},
		{
			"from": [7.125, 4, 5],
			"to": [8.875, 12, 7],
			"rotation": {"angle": 45, "axis": "z", "origin": [8, 8, 6]},
			"faces": {
				"north": {"uv": [8, 0, 0, 2], "rotation": 270, "texture": "#cog3"},
				"east": {"uv": [0, 2, 8, 4], "rotation": 90, "texture": "#cog3"},
				"south": {"uv": [0, 0, 8, 2], "rotation": 90, "texture": "#cog3"},
				"west": {"uv": [0, 2, 8, 4], "rotation": 90, "texture": "#cog3"},
				"up": {"uv": [0, 4, 2, 6], "rotation": 90, "texture": "#cog3"},
				"down": {"uv": [0, 4, 2, 6], "rotation": 90, "texture": "#cog3"}
			}
		},
		{
			"from": [4, 7.125, 5],
			"to": [12, 8.875, 7],
			"faces": {
				"north": {"uv": [8, 0, 0, 2], "texture": "#cog3"},
				"east": {"uv": [0, 4, 2, 6], "texture": "#cog3"},
				"south": {"uv": [0, 0, 8, 2], "texture": "#cog3"},
				"west": {"uv": [0, 4, 2, 6], "texture": "#cog3"},
				"up": {"uv": [0, 2, 8, 4], "texture": "#cog3"},
				"down": {"uv": [0, 2, 8, 4], "texture": "#cog3"}
			}
		},
		{
			"from": [4, 7.125, 5],
			"to": [12, 8.875, 7],
			"rotation": {"angle": 45, "axis": "z", "origin": [8, 8, 6]},
			"faces": {
				"north": {"uv": [8, 0, 0, 2], "texture": "#cog3"},
				"east": {"uv": [0, 4, 2, 6], "texture": "#cog3"},
				"south": {"uv": [0, 0, 8, 2], "texture": "#cog3"},
				"west": {"uv": [0, 4, 2, 6], "texture": "#cog3"},
				"up": {"uv": [0, 2, 8, 4], "texture": "#cog3"},
				"down": {"uv": [0, 2, 8, 4], "texture": "#cog3"}
			}
		},
		{
			"from": [7.125, 4, 5],
			"to": [8.875, 12, 7],
			"faces": {
				"north": {"uv": [8, 0, 0, 2], "rotation": 90, "texture": "#cog3"},
				"east": {"uv": [0, 2, 8, 4], "rotation": 270, "texture": "#cog3"},
				"south": {"uv": [0, 0, 8, 2], "rotation": 270, "texture": "#cog3"},
				"west": {"uv": [0, 2, 8, 4], "rotation": 270, "texture": "#cog3"},
				"up": {"uv": [0, 4, 2, 6], "rotation": 270, "texture": "#cog3"},
				"down": {"uv": [0, 4, 2, 6], "rotation": 270, "texture": "#cog3"}
			}
		},
		{
			"name": "center",
			"from": [5.9, 5.9, 4.75],
			"to": [10.1, 10.1, 7.25],
			"rotation": {"angle": -22.5, "axis": "z", "origin": [8, 8, 6]},
			"faces": {
				"north": {"uv": [12, 0, 8, 4], "texture": "#cog4"},
				"east": {"uv": [8, 4, 12, 6], "texture": "#cog4"},
				"south": {"uv": [8, 0, 12, 4], "texture": "#cog4"},
				"west": {"uv": [8, 4, 12, 6], "texture": "#cog4"},
				"up": {"uv": [12, 0, 14, 4], "texture": "#cog4"},
				"down": {"uv": [12, 0, 14, 4], "texture": "#cog4"}
			}
		},
		{
			"from": [4, 7.125, 5],
			"to": [12, 8.875, 7],
			"rotation": {"angle": -22.5, "axis": "z", "origin": [8, 8, 6]},
			"faces": {
				"north": {"uv": [8, 0, 0, 2], "texture": "#cog4"},
				"east": {"uv": [0, 4, 2, 6], "texture": "#cog4"},
				"south": {"uv": [0, 0, 8, 2], "texture": "#cog4"},
				"west": {"uv": [0, 4, 2, 6], "texture": "#cog4"},
				"up": {"uv": [0, 2, 8, 4], "texture": "#cog4"},
				"down": {"uv": [0, 2, 8, 4], "texture": "#cog4"}
			}
		},
		{
			"from": [4, 7.125, 5],
			"to": [12, 8.875, 7],
			"rotation": {"angle": 22.5, "axis": "z", "origin": [8, 8, 6]},
			"faces": {
				"north": {"uv": [8, 0, 0, 2], "texture": "#cog4"},
				"east": {"uv": [0, 4, 2, 6], "texture": "#cog4"},
				"south": {"uv": [0, 0, 8, 2], "texture": "#cog4"},
				"west": {"uv": [0, 4, 2, 6], "texture": "#cog4"},
				"up": {"uv": [0, 2, 8, 4], "texture": "#cog4"},
				"down": {"uv": [0, 2, 8, 4], "texture": "#cog4"}
			}
		},
		{
			"from": [7.125, 4, 5],
			"to": [8.875, 12, 7],
			"rotation": {"angle": -22.5, "axis": "z", "origin": [8, 8, 6]},
			"faces": {
				"north": {"uv": [8, 0, 0, 2], "rotation": 90, "texture": "#cog4"},
				"east": {"uv": [0, 2, 8, 4], "rotation": 270, "texture": "#cog4"},
				"south": {"uv": [0, 0, 8, 2], "rotation": 270, "texture": "#cog4"},
				"west": {"uv": [0, 2, 8, 4], "rotation": 270, "texture": "#cog4"},
				"up": {"uv": [0, 4, 2, 6], "rotation": 270, "texture": "#cog4"},
				"down": {"uv": [0, 4, 2, 6], "rotation": 270, "texture": "#cog4"}
			}
		},
		{
			"from": [7.125, 4, 5],
			"to": [8.875, 12, 7],
			"rotation": {"angle": 22.5, "axis": "z", "origin": [8, 8, 6]},
			"faces": {
				"north": {"uv": [8, 0, 0, 2], "rotation": 90, "texture": "#cog4"},
				"east": {"uv": [0, 2, 8, 4], "rotation": 270, "texture": "#cog4"},
				"south": {"uv": [0, 0, 8, 2], "rotation": 270, "texture": "#cog4"},
				"west": {"uv": [0, 2, 8, 4], "rotation": 270, "texture": "#cog4"},
				"up": {"uv": [0, 4, 2, 6], "rotation": 270, "texture": "#cog4"},
				"down": {"uv": [0, 4, 2, 6], "rotation": 270, "texture": "#cog4"}
			}
		}
	],
	"display": {
		"thirdperson_righthand": {
			"scale": [0.52, 0.5, 0.5]
		}
	},
	"groups": [
		{
			"name": "top",
			"origin": [8, 8, 8],
			"color": 0,
			"children": [0, 1, 2]
		},
		{
			"name": "bottom",
			"origin": [0, 0, 0],
			"color": 0,
			"children": [3, 4, 5, 6, 7, 8, 9, 10]
		},
		{
			"name": "slot",
			"origin": [8, 8, 8],
			"color": 0,
			"children": [11, 12, 13]
		},
		{
			"name": "gear",
			"origin": [8, 8, 8],
			"color": 0,
			"children": [14, 15, 16, 17, 18]
		},
		{
			"name": "gear2",
			"origin": [8, 8, 8],
			"color": 0,
			"children": [19, 20, 21, 22, 23]
		},
		{
			"name": "gear3",
			"origin": [8, 8, 8],
			"color": 0,
			"children": [24, 25, 26, 27, 28]
		},
		{
			"name": "gear4",
			"origin": [8, 8, 8],
			"color": 0,
			"children": [29, 30, 31, 32, 33]
		}
	]
}