{
	"credit": "Made with Blockbench",
	"parent": "lightmanscurrency:block/block",
	"render_type": "cutout",
	"textures": {
		"particle": "#main"
	},
	"elements": [
		{
			"name": "Base",
			"from": [0, 0, 0],
			"to": [16, 16, 16],
			"faces": {
				"north": {"uv": [0, 0, 8, 8], "texture": "#main"},
				"east": {"uv": [0, 0, 8, 8], "texture": "#main"},
				"south": {"uv": [0, 0, 16, 16], "texture": "#front"},
				"west": {"uv": [0, 0, 8, 8], "texture": "#main"},
				"up": {"uv": [0, 0, 8, 8], "texture": "#main"},
				"down": {"uv": [0, 0, 8, 8], "texture": "#main"}
			}
		},
		{
			"name": "Center",
			"from": [1, 1, 1],
			"to": [15, 15, 15],
			"faces": {
				"north": {"uv": [8.5, 0.5, 15.5, 7.5], "texture": "#main"},
				"east": {"uv": [8.5, 0.5, 15.5, 7.5], "texture": "#main"},
				"south": {"uv": [8.5, 0.5, 15.5, 7.5], "texture": "#main"},
				"west": {"uv": [8.5, 0.5, 15.5, 7.5], "texture": "#main"},
				"up": {"uv": [8.5, 0.5, 15.5, 7.5], "texture": "#main"},
				"down": {"uv": [8.5, 0.5, 15.5, 7.5], "texture": "#main"}
			}
		},
		{
			"name": "Hole-back",
			"from": [2.99, 2.99, 16],
			"to": [13.01, 13.01, 0],
			"faces": {
				"east": {"uv": [8, 1.5, 16, 6.5], "texture": "#main"},
				"west": {"uv": [8, 1.5, 16, 6.5], "texture": "#main"},
				"up": {"uv": [9.5, 0, 14.5, 8], "texture": "#main"},
				"down": {"uv": [9.5, 0, 14.5, 8], "texture": "#main"}
			}
		},
		{
			"name": "Hole-up-down",
			"from": [2.99, 0, 13.01],
			"to": [13.01, 16, 2.99],
			"faces": {
				"north": {"uv": [9.5, 0, 14.5, 8], "texture": "#main"},
				"east": {"uv": [8, 1.5, 16, 6.5], "rotation": 270, "texture": "#main"},
				"south": {"uv": [9.5, 0, 14.5, 8], "rotation": 180, "texture": "#main"},
				"west": {"uv": [8, 1.5, 16, 6.5], "rotation": 90, "texture": "#main"}
			}
		},
		{
			"name": "Hole-left-right",
			"from": [0, 2.99, 13.01],
			"to": [16, 13.01, 2.99],
			"faces": {
				"north": {"uv": [8, 1.5, 16, 6.5], "texture": "#main"},
				"south": {"uv": [8, 1.5, 16, 6.5], "texture": "#main"},
				"up": {"uv": [9.5, 0, 14.5, 8], "rotation": 90, "texture": "#main"},
				"down": {"uv": [9.5, 0, 14.5, 8], "rotation": 270, "texture": "#main"}
			}
		}
	],
	"display": {
		"head": {
			"rotation": [0, -180, 0]
		}
	}
}