{
	"credit": "Made with Blockbench",
	"parent": "lightmanscurrency:block/block",
	"render_type": "cutout",
	"texture_size": [32, 32],
	"textures": {
		"particle": "#main"
	},
	"elements": [
		{
			"name": "Base",
			"from": [0, 0, 0],
			"to": [16, 16, 16],
			"faces": {
				"north": {"uv": [0, 0, 8, 8], "texture": "#main"},
				"east": {"uv": [0, 0, 8, 8], "texture": "#main"},
				"south": {"uv": [0, 0, 16, 16], "texture": "#front"},
				"west": {"uv": [0, 0, 8, 8], "texture": "#main"},
				"up": {"uv": [0, 0, 8, 8], "texture": "#main"},
				"down": {"uv": [0, 0, 8, 8], "texture": "#main"}
			}
		},
		{
			"name": "Center",
			"from": [1, 1, 1],
			"to": [15, 15, 15],
			"faces": {
				"north": {"uv": [8.5, 0.5, 15.5, 7.5], "texture": "#main"},
				"east": {"uv": [8.5, 0.5, 15.5, 7.5], "texture": "#main"},
				"south": {"uv": [8.5, 0.5, 15.5, 7.5], "texture": "#main"},
				"west": {"uv": [8.5, 0.5, 15.5, 7.5], "texture": "#main"},
				"up": {"uv": [8.5, 0.5, 15.5, 7.5], "texture": "#main"},
				"down": {"uv": [8.5, 0.5, 15.5, 7.5], "texture": "#main"}
			}
		},
		{
			"name": "Hole-back",
			"from": [2.99, 2.99, 16],
			"to": [13.01, 13.01, 0],
			"faces": {
				"east": {"uv": [8, 9.5, 16, 14.5], "texture": "#main"},
				"west": {"uv": [8, 9.5, 16, 14.5], "texture": "#main"},
				"up": {"uv": [9.5, 8, 14.5, 16], "texture": "#main"},
				"down": {"uv": [9.5, 8, 14.5, 16], "texture": "#main"}
			}
		},
		{
			"name": "Hole-up-down",
			"from": [2.99, 0, 13.01],
			"to": [13.01, 16, 2.99],
			"faces": {
				"north": {"uv": [9.5, 8, 14.5, 16], "texture": "#main"},
				"east": {"uv": [8, 9.5, 16, 14.5], "rotation": 270, "texture": "#main"},
				"south": {"uv": [9.5, 8, 14.5, 16], "rotation": 180, "texture": "#main"},
				"west": {"uv": [8, 9.5, 16, 14.5], "rotation": 90, "texture": "#main"}
			}
		},
		{
			"name": "Hole-left-right",
			"from": [0, 2.99, 13.01],
			"to": [16, 13.01, 2.99],
			"faces": {
				"north": {"uv": [8, 9.5, 16, 14.5], "texture": "#main"},
				"south": {"uv": [8, 9.5, 16, 14.5], "texture": "#main"},
				"up": {"uv": [9.5, 8, 14.5, 16], "rotation": 90, "texture": "#main"},
				"down": {"uv": [9.5, 8, 14.5, 16], "rotation": 270, "texture": "#main"}
			}
		},
		{
			"name": "Keyboard",
			"from": [2, -14.35685, 12.73949],
			"to": [14, -8.35685, 14.73949],
			"rotation": {"angle": -45, "axis": "x", "origin": [0, 0.34315, -1.96051]},
			"faces": {
				"north": {"uv": [1, 13, 7, 16], "texture": "#main"},
				"east": {"uv": [0, 1, 1, 6.5], "texture": "#main"},
				"south": {"uv": [1, 13, 7, 16], "texture": "#main"},
				"west": {"uv": [7, 1, 8, 6.5], "texture": "#main"},
				"down": {"uv": [1, 0, 7, 1], "texture": "#main"}
			}
		},
		{
			"name": "Cable",
			"from": [3, 1, 16],
			"to": [13, 3, 19],
			"faces": {
				"east": {"uv": [9.5, 5.5, 11, 6.5], "texture": "#main"},
				"west": {"uv": [13, 5.5, 14.5, 6.5], "texture": "#main"},
				"up": {"uv": [9.5, 1, 14.5, 2.5], "texture": "#main"},
				"down": {"uv": [9.5, 1, 14.5, 2.5], "texture": "#main"}
			}
		},
		{
			"name": "Card",
			"from": [11, -11.95506, 27.12373],
			"to": [12, -7.95506, 30.12373],
			"rotation": {"angle": -45, "axis": "x", "origin": [1, -13.90506, 5.92373]},
			"faces": {
				"north": {"uv": [11.5, 2.5, 12, 4.5], "texture": "#main"},
				"east": {"uv": [10.5, 3.5, 12, 5.5], "texture": "#main"},
				"south": {"uv": [12, 2.5, 12.5, 4.5], "texture": "#main"},
				"west": {"uv": [12, 3.5, 13.5, 5.5], "texture": "#main"},
				"up": {"uv": [12.5, 2.5, 13, 4], "texture": "#main"},
				"down": {"uv": [11, 2.5, 11.5, 4], "texture": "#main"}
			}
		}
	],
	"display": {
		"head": {
			"rotation": [0, -180, 0]
		}
	}
}