{
	"credit": "Made by XeKr with Blockbench",
	"textures": {
		"bar": "block/dark_oak_planks",
		"particle": "block/bell_bottom"
	},
	"elements": [
		{
			"from": [0, 13, 7],
			"to": [16, 15, 9],
			"faces": {
				"north": {"uv": [16, 2, 0, 4], "texture": "#bar"},
				"east": {"uv": [14, 2, 16, 4], "texture": "#bar", "cullface": "east"},
				"south": {"uv": [0, 2, 16, 4], "texture": "#bar"},
				"west": {"uv": [0, 2, 2, 4], "texture": "#bar", "cullface": "west"},
				"up": {"uv": [0, 2, 16, 4], "texture": "#bar"},
				"down": {"uv": [0, 2, 16, 4], "texture": "#bar"}
			}
		}
	]
}