{
	"credit": "Made by XeKr with Blockbench",
	"textures": {
		"bar": "block/dark_oak_planks",
		"post": "block/stone",
		"particle": "block/bell_bottom"
	},
	"elements": [
		{
			"from": [2, 13, 7],
			"to": [14, 15, 9],
			"faces": {
				"north": {"uv": [14, 2, 2, 4], "texture": "#bar"},
				"south": {"uv": [2, 2, 14, 4], "texture": "#bar"},
				"up": {"uv": [2, 2, 14, 4], "texture": "#bar"},
				"down": {"uv": [2, 2, 14, 4], "texture": "#bar"}
			}
		},
		{
			"from": [14, 0, 6],
			"to": [16, 16, 10],
			"faces": {
				"north": {"uv": [0, 0, 2, 16], "texture": "#post"},
				"east": {"uv": [6, 0, 10, 16], "texture": "#post"},
				"south": {"uv": [14, 0, 16, 16], "texture": "#post"},
				"west": {"uv": [6, 0, 10, 16], "texture": "#post"},
				"up": {"uv": [14, 6, 16, 10], "texture": "#post", "cullface": "up"},
				"down": {"uv": [14, 6, 16, 10], "texture": "#post", "cullface": "down"}
			}
		},
		{
			"from": [0, 0, 6],
			"to": [2, 16, 10],
			"faces": {
				"north": {"uv": [14, 0, 16, 16], "texture": "#post"},
				"east": {"uv": [6, 0, 10, 16], "texture": "#post"},
				"south": {"uv": [0, 0, 2, 16], "texture": "#post"},
				"west": {"uv": [6, 0, 10, 16], "texture": "#post"},
				"up": {"uv": [0, 6, 2, 10], "texture": "#post", "cullface": "up"},
				"down": {"uv": [0, 6, 2, 10], "texture": "#post", "cullface": "down"}
			}
		}
	]
}