{
  "parent": "lightmanscurrency:display_case/create/table_cloth/default",
  "textures": {
    "0": "lightmanscurrency:block/display_case/create/table_cloth_andesite"
  },
  "name": {
    "translate": "lightmanscurrency.block_variant.create",
    "with": [
      {
        "translate": "lightmanscurrency.block_variant.create.table_cloth",
        "with": [{ "translate": "lightmanscurrency.block_variant.create.andesite_casing" }]
      }
    ]
  },
  "target": [
    "lightmanscurrency:display_case"
  ]
}