{
  "variants": {
    "facing=down,spin=0": {
      "model": "expatternprovider:block/ex_inscriber",
      "x": 90
    },
    "facing=down,spin=1": {
      "ae2:z": 270,
      "model": "expatternprovider:block/ex_inscriber",
      "x": 90
    },
    "facing=down,spin=2": {
      "ae2:z": 180,
      "model": "expatternprovider:block/ex_inscriber",
      "x": 90
    },
    "facing=down,spin=3": {
      "ae2:z": 90,
      "model": "expatternprovider:block/ex_inscriber",
      "x": 90
    },
    "facing=east,spin=0": {
      "model": "expatternprovider:block/ex_inscriber",
      "y": 90
    },
    "facing=east,spin=1": {
      "ae2:z": 270,
      "model": "expatternprovider:block/ex_inscriber",
      "y": 90
    },
    "facing=east,spin=2": {
      "ae2:z": 180,
      "model": "expatternprovider:block/ex_inscriber",
      "y": 90
    },
    "facing=east,spin=3": {
      "ae2:z": 90,
      "model": "expatternprovider:block/ex_inscriber",
      "y": 90
    },
    "facing=north,spin=0": {
      "model": "expatternprovider:block/ex_inscriber"
    },
    "facing=north,spin=1": {
      "ae2:z": 270,
      "model": "expatternprovider:block/ex_inscriber"
    },
    "facing=north,spin=2": {
      "ae2:z": 180,
      "model": "expatternprovider:block/ex_inscriber"
    },
    "facing=north,spin=3": {
      "ae2:z": 90,
      "model": "expatternprovider:block/ex_inscriber"
    },
    "facing=south,spin=0": {
      "model": "expatternprovider:block/ex_inscriber",
      "y": 180
    },
    "facing=south,spin=1": {
      "ae2:z": 90,
      "model": "expatternprovider:block/ex_inscriber",
      "y": 180
    },
    "facing=south,spin=2": {
      "ae2:z": 180,
      "model": "expatternprovider:block/ex_inscriber",
      "y": 180
    },
    "facing=south,spin=3": {
      "ae2:z": 270,
      "model": "expatternprovider:block/ex_inscriber",
      "y": 180
    },
    "facing=up,spin=0": {
      "ae2:z": 180,
      "model": "expatternprovider:block/ex_inscriber",
      "x": 270
    },
    "facing=up,spin=1": {
      "ae2:z": 90,
      "model": "expatternprovider:block/ex_inscriber",
      "x": 270
    },
    "facing=up,spin=2": {
      "model": "expatternprovider:block/ex_inscriber",
      "x": 270
    },
    "facing=up,spin=3": {
      "ae2:z": 270,
      "model": "expatternprovider:block/ex_inscriber",
      "x": 270
    },
    "facing=west,spin=0": {
      "model": "expatternprovider:block/ex_inscriber",
      "y": 270
    },
    "facing=west,spin=1": {
      "ae2:z": 270,
      "model": "expatternprovider:block/ex_inscriber",
      "y": 270
    },
    "facing=west,spin=2": {
      "ae2:z": 180,
      "model": "expatternprovider:block/ex_inscriber",
      "y": 270
    },
    "facing=west,spin=3": {
      "ae2:z": 90,
      "model": "expatternprovider:block/ex_inscriber",
      "y": 270
    }
  }
}