{
  "multipart": [
    {
      "apply": {
        "model": "expatternprovider:block/wireless_connect_off"
      },
      "when": {
        "connected": "false"
      }
    },
    {
      "apply": {
        "model": "expatternprovider:block/wireless_connect_white"
      },
      "when": {
        "connected": "true",
        "color": "0"
      }
    },
    {
      "apply": {
        "model": "expatternprovider:block/wireless_connect_orange"
      },
      "when": {
        "connected": "true",
        "color": "1"
      }
    },
    {
      "apply": {
        "model": "expatternprovider:block/wireless_connect_magenta"
      },
      "when": {
        "connected": "true",
        "color": "2"
      }
    },
    {
      "apply": {
        "model": "expatternprovider:block/wireless_connect_light_blue"
      },
      "when": {
        "connected": "true",
        "color": "3"
      }
    },
    {
      "apply": {
        "model": "expatternprovider:block/wireless_connect_yellow"
      },
      "when": {
        "connected": "true",
        "color": "4"
      }
    },
    {
      "apply": {
        "model": "expatternprovider:block/wireless_connect_lime"
      },
      "when": {
        "connected": "true",
        "color": "5"
      }
    },
    {
      "apply": {
        "model": "expatternprovider:block/wireless_connect_pink"
      },
      "when": {
        "connected": "true",
        "color": "6"
      }
    },
    {
      "apply": {
        "model": "expatternprovider:block/wireless_connect_gray"
      },
      "when": {
        "connected": "true",
        "color": "7"
      }
    },
    {
      "apply": {
        "model": "expatternprovider:block/wireless_connect_light_gray"
      },
      "when": {
        "connected": "true",
        "color": "8"
      }
    },
    {
      "apply": {
        "model": "expatternprovider:block/wireless_connect_cyan"
      },
      "when": {
        "connected": "true",
        "color": "9"
      }
    },
    {
      "apply": {
        "model": "expatternprovider:block/wireless_connect_purple"
      },
      "when": {
        "connected": "true",
        "color": "10"
      }
    },
    {
      "apply": {
        "model": "expatternprovider:block/wireless_connect_blue"
      },
      "when": {
        "connected": "true",
        "color": "11"
      }
    },
    {
      "apply": {
        "model": "expatternprovider:block/wireless_connect_brown"
      },
      "when": {
        "connected": "true",
        "color": "12"
      }
    },
    {
      "apply": {
        "model": "expatternprovider:block/wireless_connect_green"
      },
      "when": {
        "connected": "true",
        "color": "13"
      }
    },
    {
      "apply": {
        "model": "expatternprovider:block/wireless_connect_red"
      },
      "when": {
        "connected": "true",
        "color": "14"
      }
    },
    {
      "apply": {
        "model": "expatternprovider:block/wireless_connect_black"
      },
      "when": {
        "connected": "true",
        "color": "15"
      }
    },
    {
      "apply": {
        "model": "expatternprovider:block/wireless_connect_fluix"
      },
      "when": {
        "connected": "true",
        "color": "16"
      }
    }
  ]
}